Location,Period,Indicator,First Tooltip
Afghanistan,2016,"Dentists (per 10,000)",0.034
Afghanistan,2015,"Dentists (per 10,000)",0.036
Afghanistan,2014,"Dentists (per 10,000)",0.033
Afghanistan,2008,"Dentists (per 10,000)",0.14
Afghanistan,2007,"Dentists (per 10,000)",0.12
Afghanistan,2006,"Dentists (per 10,000)",0.13
Albania,2006,"Dentists (per 10,000)",3.38
Albania,2003,"Dentists (per 10,000)",4.33
Albania,2002,"Dentists (per 10,000)",4.29
Albania,2001,"Dentists (per 10,000)",4.87
Albania,2000,"Dentists (per 10,000)",4.66
Albania,1999,"Dentists (per 10,000)",4.56
Albania,1998,"Dentists (per 10,000)",4.47
Albania,1997,"Dentists (per 10,000)",4.39
Albania,1996,"Dentists (per 10,000)",3.33
Albania,1995,"Dentists (per 10,000)",3.68
Albania,1994,"Dentists (per 10,000)",4.1
Albania,1993,"Dentists (per 10,000)",3.87
Albania,1992,"Dentists (per 10,000)",3.67
Albania,1991,"Dentists (per 10,000)",3.52
Albania,1990,"Dentists (per 10,000)",3.39
Algeria,2018,"Dentists (per 10,000)",3.66
Algeria,2007,"Dentists (per 10,000)",3.11
Algeria,2005,"Dentists (per 10,000)",2.72
Algeria,2002,"Dentists (per 10,000)",2.78
Andorra,2015,"Dentists (per 10,000)",8.21
Andorra,2009,"Dentists (per 10,000)",6.04
Andorra,2007,"Dentists (per 10,000)",5.68
Andorra,2006,"Dentists (per 10,000)",5.68
Andorra,2005,"Dentists (per 10,000)",5.83
Andorra,2004,"Dentists (per 10,000)",5.9
Andorra,2003,"Dentists (per 10,000)",6.01
Andorra,2002,"Dentists (per 10,000)",6
Andorra,2001,"Dentists (per 10,000)",6.24
Andorra,2000,"Dentists (per 10,000)",6.58
Andorra,1999,"Dentists (per 10,000)",4.81
Andorra,1998,"Dentists (per 10,000)",5.3
Andorra,1997,"Dentists (per 10,000)",7.47
Andorra,1995,"Dentists (per 10,000)",4.85
Angola,2004,"Dentists (per 10,000)",0.12
Angola,1997,"Dentists (per 10,000)",0.001
Antigua and Barbuda,2014,"Dentists (per 10,000)",0.43
Antigua and Barbuda,1997,"Dentists (per 10,000)",1.81
Argentina,2004,"Dentists (per 10,000)",9.25
Argentina,2001,"Dentists (per 10,000)",9.64
Argentina,1998,"Dentists (per 10,000)",8.01
Argentina,1992,"Dentists (per 10,000)",6.53
Armenia,2017,"Dentists (per 10,000)",5.56
Armenia,2015,"Dentists (per 10,000)",3.69
Armenia,2014,"Dentists (per 10,000)",3.91
Armenia,2013,"Dentists (per 10,000)",4.19
Armenia,2012,"Dentists (per 10,000)",4.47
Armenia,2011,"Dentists (per 10,000)",4.51
Armenia,2010,"Dentists (per 10,000)",4.37
Armenia,2009,"Dentists (per 10,000)",4.31
Armenia,2008,"Dentists (per 10,000)",4.12
Armenia,2007,"Dentists (per 10,000)",3.44
Armenia,2006,"Dentists (per 10,000)",3.19
Armenia,2005,"Dentists (per 10,000)",3.22
Armenia,2004,"Dentists (per 10,000)",2.35
Armenia,2003,"Dentists (per 10,000)",2.08
Armenia,2002,"Dentists (per 10,000)",1.93
Armenia,2001,"Dentists (per 10,000)",1.69
Armenia,2000,"Dentists (per 10,000)",2.42
Australia,2017,"Dentists (per 10,000)",5.95
Australia,2016,"Dentists (per 10,000)",5.86
Australia,2015,"Dentists (per 10,000)",5.78
Australia,2014,"Dentists (per 10,000)",5.71
Australia,2013,"Dentists (per 10,000)",5.61
Australia,2012,"Dentists (per 10,000)",5.57
Australia,2011,"Dentists (per 10,000)",5.35
Australia,2010,"Dentists (per 10,000)",5.18
Australia,2009,"Dentists (per 10,000)",5.27
Australia,2006,"Dentists (per 10,000)",4.87
Australia,2005,"Dentists (per 10,000)",4.99
Australia,2001,"Dentists (per 10,000)",4.27
Australia,1996,"Dentists (per 10,000)",12.82
Austria,2017,"Dentists (per 10,000)",5.68
Austria,2016,"Dentists (per 10,000)",5.66
Austria,2015,"Dentists (per 10,000)",5.65
Austria,2014,"Dentists (per 10,000)",5.68
Austria,2013,"Dentists (per 10,000)",5.67
Austria,2012,"Dentists (per 10,000)",5.64
Austria,2011,"Dentists (per 10,000)",5.61
Austria,2010,"Dentists (per 10,000)",5.57
Austria,2009,"Dentists (per 10,000)",5.52
Austria,2008,"Dentists (per 10,000)",5.45
Austria,2007,"Dentists (per 10,000)",5.4
Austria,2006,"Dentists (per 10,000)",5.39
Austria,2005,"Dentists (per 10,000)",5.13
Austria,2004,"Dentists (per 10,000)",5.01
Austria,2003,"Dentists (per 10,000)",4.94
Austria,2002,"Dentists (per 10,000)",4.86
Austria,2001,"Dentists (per 10,000)",4.79
Austria,2000,"Dentists (per 10,000)",4.61
Austria,1999,"Dentists (per 10,000)",4.55
Austria,1998,"Dentists (per 10,000)",4.51
Austria,1997,"Dentists (per 10,000)",4.5
Austria,1996,"Dentists (per 10,000)",4.38
Austria,1995,"Dentists (per 10,000)",4.23
Austria,1994,"Dentists (per 10,000)",4.12
Austria,1993,"Dentists (per 10,000)",3.99
Austria,1992,"Dentists (per 10,000)",3.83
Austria,1991,"Dentists (per 10,000)",3.72
Austria,1990,"Dentists (per 10,000)",3.59
Azerbaijan,2014,"Dentists (per 10,000)",2.74
Azerbaijan,2013,"Dentists (per 10,000)",2.61
Azerbaijan,2012,"Dentists (per 10,000)",2.66
Azerbaijan,2011,"Dentists (per 10,000)",2.63
Azerbaijan,2010,"Dentists (per 10,000)",2.73
Azerbaijan,2009,"Dentists (per 10,000)",2.75
Azerbaijan,2008,"Dentists (per 10,000)",2.82
Azerbaijan,2007,"Dentists (per 10,000)",2.89
Azerbaijan,2006,"Dentists (per 10,000)",2.82
Azerbaijan,2005,"Dentists (per 10,000)",2.8
Azerbaijan,2004,"Dentists (per 10,000)",2.75
Azerbaijan,2003,"Dentists (per 10,000)",2.72
Azerbaijan,2002,"Dentists (per 10,000)",2.81
Azerbaijan,2001,"Dentists (per 10,000)",2.75
Azerbaijan,2000,"Dentists (per 10,000)",2.75
Azerbaijan,1999,"Dentists (per 10,000)",2.78
Azerbaijan,1998,"Dentists (per 10,000)",2.85
Azerbaijan,1997,"Dentists (per 10,000)",3.06
Azerbaijan,1996,"Dentists (per 10,000)",3.16
Azerbaijan,1995,"Dentists (per 10,000)",3.21
Azerbaijan,1994,"Dentists (per 10,000)",3.21
Azerbaijan,1993,"Dentists (per 10,000)",3.11
Azerbaijan,1992,"Dentists (per 10,000)",3.07
Azerbaijan,1991,"Dentists (per 10,000)",3.02
Azerbaijan,1990,"Dentists (per 10,000)",2.99
Bahamas,2017,"Dentists (per 10,000)",2.67
Bahamas,2011,"Dentists (per 10,000)",2.34
Bahamas,2008,"Dentists (per 10,000)",2.3
Bahrain,2015,"Dentists (per 10,000)",0.98
Bahrain,2014,"Dentists (per 10,000)",0.98
Bahrain,2013,"Dentists (per 10,000)",1.02
Bahrain,2012,"Dentists (per 10,000)",1.07
Bahrain,2011,"Dentists (per 10,000)",0.99
Bahrain,2010,"Dentists (per 10,000)",0.98
Bahrain,2009,"Dentists (per 10,000)",1
Bahrain,2008,"Dentists (per 10,000)",1.07
Bahrain,2006,"Dentists (per 10,000)",1.08
Bahrain,2005,"Dentists (per 10,000)",1.1
Bahrain,2004,"Dentists (per 10,000)",2.17
Bangladesh,2019,"Dentists (per 10,000)",0.59
Bangladesh,2018,"Dentists (per 10,000)",0.6
Bangladesh,2017,"Dentists (per 10,000)",0.51
Bangladesh,2016,"Dentists (per 10,000)",0.44
Bangladesh,2015,"Dentists (per 10,000)",0.42
Bangladesh,2014,"Dentists (per 10,000)",0.41
Bangladesh,2013,"Dentists (per 10,000)",0.4
Bangladesh,2012,"Dentists (per 10,000)",0.32
Bangladesh,2011,"Dentists (per 10,000)",0.32
Bangladesh,2010,"Dentists (per 10,000)",0.29
Bangladesh,2009,"Dentists (per 10,000)",0.26
Bangladesh,2008,"Dentists (per 10,000)",0.23
Bangladesh,2007,"Dentists (per 10,000)",0.14
Bangladesh,2005,"Dentists (per 10,000)",0.17
Bangladesh,2004,"Dentists (per 10,000)",0.14
Bangladesh,2002,"Dentists (per 10,000)",0.14
Barbados,2017,"Dentists (per 10,000)",3.08
Barbados,2005,"Dentists (per 10,000)",3
Barbados,2001,"Dentists (per 10,000)",2.2
Barbados,1995,"Dentists (per 10,000)",1.88
Belarus,2018,"Dentists (per 10,000)",6.23
Belarus,2015,"Dentists (per 10,000)",5.92
Belarus,2014,"Dentists (per 10,000)",5.74
Belarus,2013,"Dentists (per 10,000)",5.51
Belarus,2012,"Dentists (per 10,000)",5.52
Belarus,2011,"Dentists (per 10,000)",5.44
Belarus,2010,"Dentists (per 10,000)",5.4
Belarus,2009,"Dentists (per 10,000)",5.49
Belarus,2008,"Dentists (per 10,000)",5.41
Belarus,2007,"Dentists (per 10,000)",5.05
Belarus,2006,"Dentists (per 10,000)",4.88
Belarus,2005,"Dentists (per 10,000)",4.76
Belarus,2004,"Dentists (per 10,000)",4.63
Belarus,2003,"Dentists (per 10,000)",4.46
Belarus,2002,"Dentists (per 10,000)",4.49
Belarus,2001,"Dentists (per 10,000)",4.48
Belarus,2000,"Dentists (per 10,000)",4.54
Belarus,1999,"Dentists (per 10,000)",4.53
Belarus,1998,"Dentists (per 10,000)",4.15
Belarus,1997,"Dentists (per 10,000)",3.99
Belarus,1996,"Dentists (per 10,000)",3.87
Belarus,1995,"Dentists (per 10,000)",3.67
Belarus,1994,"Dentists (per 10,000)",3.61
Belarus,1993,"Dentists (per 10,000)",3.48
Belarus,1992,"Dentists (per 10,000)",3.29
Belarus,1991,"Dentists (per 10,000)",3.23
Belarus,1990,"Dentists (per 10,000)",3.19
Belgium,2018,"Dentists (per 10,000)",10.47
Belgium,2017,"Dentists (per 10,000)",7.46
Belgium,2016,"Dentists (per 10,000)",7.47
Belgium,2015,"Dentists (per 10,000)",7.35
Belgium,2014,"Dentists (per 10,000)",7.23
Belgium,2013,"Dentists (per 10,000)",7.14
Belgium,2012,"Dentists (per 10,000)",7.1
Belgium,2011,"Dentists (per 10,000)",7.06
Belgium,2010,"Dentists (per 10,000)",7.02
Belgium,2009,"Dentists (per 10,000)",7.05
Belgium,2008,"Dentists (per 10,000)",7.11
Belgium,2007,"Dentists (per 10,000)",7.18
Belgium,2006,"Dentists (per 10,000)",7.3
Belgium,2005,"Dentists (per 10,000)",7.3
Belgium,2004,"Dentists (per 10,000)",7.36
Belgium,2003,"Dentists (per 10,000)",7.37
Belgium,2002,"Dentists (per 10,000)",7.41
Belgium,2001,"Dentists (per 10,000)",7.44
Belgium,2000,"Dentists (per 10,000)",7.45
Belgium,1999,"Dentists (per 10,000)",8.12
Belgium,1998,"Dentists (per 10,000)",8.05
Belgium,1997,"Dentists (per 10,000)",7.92
Belgium,1996,"Dentists (per 10,000)",7.83
Belgium,1995,"Dentists (per 10,000)",7.71
Belgium,1994,"Dentists (per 10,000)",7.55
Belgium,1993,"Dentists (per 10,000)",7.51
Belgium,1992,"Dentists (per 10,000)",7.47
Belgium,1991,"Dentists (per 10,000)",7.38
Belgium,1990,"Dentists (per 10,000)",7.28
Belize,2019,"Dentists (per 10,000)",1.38
Belize,2017,"Dentists (per 10,000)",1.54
Belize,2010,"Dentists (per 10,000)",0.37
Belize,2009,"Dentists (per 10,000)",0.38
Belize,2000,"Dentists (per 10,000)",1.29
Benin,2018,"Dentists (per 10,000)",0.01
Benin,2016,"Dentists (per 10,000)",0.008
Benin,2008,"Dentists (per 10,000)",0.043
Benin,2004,"Dentists (per 10,000)",0.014
Bhutan,2019,"Dentists (per 10,000)",0.77
Bhutan,2018,"Dentists (per 10,000)",0.8
Bhutan,2017,"Dentists (per 10,000)",0.9
Bhutan,2007,"Dentists (per 10,000)",0.11
Bhutan,2004,"Dentists (per 10,000)",0.16
Bolivia (Plurinational State of),2016,"Dentists (per 10,000)",2.2
Bolivia (Plurinational State of),2011,"Dentists (per 10,000)",1.11
Bolivia (Plurinational State of),2010,"Dentists (per 10,000)",0.97
Bolivia (Plurinational State of),2007,"Dentists (per 10,000)",0.63
Bosnia and Herzegovina,2015,"Dentists (per 10,000)",2.4
Bosnia and Herzegovina,2014,"Dentists (per 10,000)",2.37
Bosnia and Herzegovina,2013,"Dentists (per 10,000)",2.28
Bosnia and Herzegovina,2012,"Dentists (per 10,000)",2.43
Bosnia and Herzegovina,2011,"Dentists (per 10,000)",2.21
Bosnia and Herzegovina,2010,"Dentists (per 10,000)",2.15
Bosnia and Herzegovina,2009,"Dentists (per 10,000)",1.82
Bosnia and Herzegovina,2008,"Dentists (per 10,000)",1.8
Bosnia and Herzegovina,2007,"Dentists (per 10,000)",1.99
Bosnia and Herzegovina,2006,"Dentists (per 10,000)",2.05
Bosnia and Herzegovina,2005,"Dentists (per 10,000)",1.92
Bosnia and Herzegovina,2004,"Dentists (per 10,000)",1.92
Bosnia and Herzegovina,2003,"Dentists (per 10,000)",1.22
Bosnia and Herzegovina,2002,"Dentists (per 10,000)",1.83
Bosnia and Herzegovina,2001,"Dentists (per 10,000)",1.81
Bosnia and Herzegovina,2000,"Dentists (per 10,000)",1.93
Bosnia and Herzegovina,1999,"Dentists (per 10,000)",1.9
Bosnia and Herzegovina,1991,"Dentists (per 10,000)",3.08
Bosnia and Herzegovina,1990,"Dentists (per 10,000)",3.16
Botswana,2016,"Dentists (per 10,000)",0.42
Botswana,2012,"Dentists (per 10,000)",0.27
Botswana,2011,"Dentists (per 10,000)",0.27
Botswana,2010,"Dentists (per 10,000)",0.28
Botswana,2009,"Dentists (per 10,000)",0.28
Botswana,2008,"Dentists (per 10,000)",0.094
Botswana,2007,"Dentists (per 10,000)",0.17
Botswana,2004,"Dentists (per 10,000)",0.22
Brazil,2017,"Dentists (per 10,000)",12.45
Brazil,2010,"Dentists (per 10,000)",11.4
Brazil,2009,"Dentists (per 10,000)",11.94
Brazil,2008,"Dentists (per 10,000)",11.83
Brazil,2007,"Dentists (per 10,000)",11.56
Brazil,2006,"Dentists (per 10,000)",11.54
Brazil,2005,"Dentists (per 10,000)",11.17
Brazil,2004,"Dentists (per 10,000)",9.68
Brazil,2003,"Dentists (per 10,000)",9.4
Brazil,2002,"Dentists (per 10,000)",9.09
Brazil,2001,"Dentists (per 10,000)",8.72
Brazil,2000,"Dentists (per 10,000)",8.78
Brazil,1999,"Dentists (per 10,000)",8.44
Brazil,1998,"Dentists (per 10,000)",8.15
Brazil,1997,"Dentists (per 10,000)",6.14
Brunei Darussalam,2019,"Dentists (per 10,000)",2.54
Brunei Darussalam,2015,"Dentists (per 10,000)",2.27
Brunei Darussalam,2012,"Dentists (per 10,000)",2.36
Brunei Darussalam,2011,"Dentists (per 10,000)",2.41
Brunei Darussalam,2010,"Dentists (per 10,000)",2.21
Brunei Darussalam,2009,"Dentists (per 10,000)",1.88
Brunei Darussalam,2008,"Dentists (per 10,000)",2.16
Brunei Darussalam,2007,"Dentists (per 10,000)",2.16
Brunei Darussalam,2006,"Dentists (per 10,000)",2.03
Brunei Darussalam,2005,"Dentists (per 10,000)",2
Brunei Darussalam,2004,"Dentists (per 10,000)",1.89
Brunei Darussalam,2002,"Dentists (per 10,000)",2.02
Brunei Darussalam,2000,"Dentists (per 10,000)",1.44
Bulgaria,2015,"Dentists (per 10,000)",10.48
Bulgaria,2014,"Dentists (per 10,000)",9.74
Bulgaria,2013,"Dentists (per 10,000)",10
Bulgaria,2012,"Dentists (per 10,000)",9.2
Bulgaria,2011,"Dentists (per 10,000)",9.06
Bulgaria,2010,"Dentists (per 10,000)",8.61
Bulgaria,2009,"Dentists (per 10,000)",8.74
Bulgaria,2008,"Dentists (per 10,000)",8.39
Bulgaria,2007,"Dentists (per 10,000)",8.53
Bulgaria,2006,"Dentists (per 10,000)",8.57
Bulgaria,2005,"Dentists (per 10,000)",8.48
Bulgaria,2004,"Dentists (per 10,000)",8.4
Bulgaria,2003,"Dentists (per 10,000)",8.3
Bulgaria,2002,"Dentists (per 10,000)",7.81
Bulgaria,2001,"Dentists (per 10,000)",8.17
Bulgaria,2000,"Dentists (per 10,000)",8.48
Bulgaria,1999,"Dentists (per 10,000)",5.77
Bulgaria,1998,"Dentists (per 10,000)",5.95
Bulgaria,1997,"Dentists (per 10,000)",6.38
Bulgaria,1996,"Dentists (per 10,000)",6.62
Bulgaria,1995,"Dentists (per 10,000)",6.54
Bulgaria,1994,"Dentists (per 10,000)",6.54
Bulgaria,1993,"Dentists (per 10,000)",6.68
Bulgaria,1992,"Dentists (per 10,000)",6.58
Bulgaria,1991,"Dentists (per 10,000)",6.73
Bulgaria,1990,"Dentists (per 10,000)",6.91
Burkina Faso,2018,"Dentists (per 10,000)",0.046
Burkina Faso,2017,"Dentists (per 10,000)",0.042
Burkina Faso,2012,"Dentists (per 10,000)",0.023
Burkina Faso,2010,"Dentists (per 10,000)",0.021
Burkina Faso,2004,"Dentists (per 10,000)",0.045
Burundi,2013,"Dentists (per 10,000)",0.004
Burundi,2011,"Dentists (per 10,000)",0.002
Burundi,2010,"Dentists (per 10,000)",0.002
Burundi,2004,"Dentists (per 10,000)",0.02
Cabo Verde,2016,"Dentists (per 10,000)",0.075
Cabo Verde,2011,"Dentists (per 10,000)",0.06
Cabo Verde,2010,"Dentists (per 10,000)",0.081
Cabo Verde,2009,"Dentists (per 10,000)",0.062
Cabo Verde,2008,"Dentists (per 10,000)",0.062
Cabo Verde,2007,"Dentists (per 10,000)",0.063
Cabo Verde,2006,"Dentists (per 10,000)",0.064
Cambodia,2014,"Dentists (per 10,000)",0.17
Cambodia,2013,"Dentists (per 10,000)",0.16
Cambodia,2012,"Dentists (per 10,000)",0.15
Cambodia,2011,"Dentists (per 10,000)",0.2
Cambodia,2010,"Dentists (per 10,000)",0.17
Cambodia,2009,"Dentists (per 10,000)",0.17
Cambodia,2008,"Dentists (per 10,000)",0.19
Cambodia,2000,"Dentists (per 10,000)",0.17
Cambodia,1998,"Dentists (per 10,000)",0.059
Cambodia,1996,"Dentists (per 10,000)",0.058
Cameroon,2016,"Dentists (per 10,000)",0.037
Cameroon,2011,"Dentists (per 10,000)",0.028
Cameroon,2010,"Dentists (per 10,000)",0.029
Cameroon,2009,"Dentists (per 10,000)",0.016
Cameroon,2007,"Dentists (per 10,000)",0.021
Cameroon,2005,"Dentists (per 10,000)",0.015
Canada,2016,"Dentists (per 10,000)",6.39
Central African Republic,2018,"Dentists (per 10,000)",0.024
Central African Republic,2009,"Dentists (per 10,000)",0.009
Central African Republic,2008,"Dentists (per 10,000)",0.012
Central African Republic,2004,"Dentists (per 10,000)",0.015
Chad,2019,"Dentists (per 10,000)",0.018
Chad,2004,"Dentists (per 10,000)",0.007
Chile,2018,"Dentists (per 10,000)",12.55
Chile,2017,"Dentists (per 10,000)",11.86
Chile,2016,"Dentists (per 10,000)",10.5
Chile,2015,"Dentists (per 10,000)",10.04
Chile,2014,"Dentists (per 10,000)",9.08
Chile,2013,"Dentists (per 10,000)",8.19
Chile,2012,"Dentists (per 10,000)",7.07
Chile,2011,"Dentists (per 10,000)",5.94
Chile,2010,"Dentists (per 10,000)",5.61
Chile,2009,"Dentists (per 10,000)",0.009
Chile,2008,"Dentists (per 10,000)",0.008
Chile,2007,"Dentists (per 10,000)",0.008
Chile,2006,"Dentists (per 10,000)",0.009
Chile,2005,"Dentists (per 10,000)",0.007
Chile,2004,"Dentists (per 10,000)",0.007
Chile,2003,"Dentists (per 10,000)",0.008
Chile,2002,"Dentists (per 10,000)",0.006
China,2017,"Dentists (per 10,000)",4.46
China,2011,"Dentists (per 10,000)",0.86
China,2005,"Dentists (per 10,000)",0.38
Colombia,2015,"Dentists (per 10,000)",9.74
Colombia,2010,"Dentists (per 10,000)",9.92
Colombia,2009,"Dentists (per 10,000)",9.68
Colombia,2008,"Dentists (per 10,000)",9.45
Colombia,2007,"Dentists (per 10,000)",9.22
Colombia,2006,"Dentists (per 10,000)",8.99
Colombia,2005,"Dentists (per 10,000)",8.76
Colombia,2004,"Dentists (per 10,000)",8.54
Colombia,2003,"Dentists (per 10,000)",8.32
Colombia,2002,"Dentists (per 10,000)",8.31
Colombia,2001,"Dentists (per 10,000)",7.88
Colombia,2000,"Dentists (per 10,000)",7.66
Colombia,1999,"Dentists (per 10,000)",7.41
Colombia,1998,"Dentists (per 10,000)",7.17
Colombia,1997,"Dentists (per 10,000)",6.92
Colombia,1996,"Dentists (per 10,000)",6.6
Colombia,1995,"Dentists (per 10,000)",6.31
Colombia,1994,"Dentists (per 10,000)",6.05
Colombia,1993,"Dentists (per 10,000)",5.87
Colombia,1992,"Dentists (per 10,000)",5.66
Colombia,1991,"Dentists (per 10,000)",5.39
Colombia,1990,"Dentists (per 10,000)",5.07
Comoros,2018,"Dentists (per 10,000)",0.4
Comoros,2012,"Dentists (per 10,000)",0.25
Comoros,2009,"Dentists (per 10,000)",0.31
Comoros,2005,"Dentists (per 10,000)",0.28
Comoros,2004,"Dentists (per 10,000)",0.29
Congo,2011,"Dentists (per 10,000)",0.3
Congo,1998,"Dentists (per 10,000)",0.34
Cook Islands,2019,"Dentists (per 10,000)",3.42
Cook Islands,2014,"Dentists (per 10,000)",12.43
Cook Islands,2009,"Dentists (per 10,000)",2.15
Cook Islands,2004,"Dentists (per 10,000)",5.29
Cook Islands,2001,"Dentists (per 10,000)",5.56
Costa Rica,2017,"Dentists (per 10,000)",0.099
Costa Rica,2016,"Dentists (per 10,000)",1.4
Costa Rica,2015,"Dentists (per 10,000)",1.45
Costa Rica,2013,"Dentists (per 10,000)",1.26
Costa Rica,2000,"Dentists (per 10,000)",3.7
Côte d’Ivoire,2019,"Dentists (per 10,000)",0.15
Côte d’Ivoire,2014,"Dentists (per 10,000)",0.22
Côte d’Ivoire,2008,"Dentists (per 10,000)",0.14
Côte d’Ivoire,2005,"Dentists (per 10,000)",0.11
Côte d’Ivoire,2004,"Dentists (per 10,000)",0.19
Croatia,2015,"Dentists (per 10,000)",7.91
Croatia,2014,"Dentists (per 10,000)",7.82
Croatia,2013,"Dentists (per 10,000)",7.54
Croatia,2012,"Dentists (per 10,000)",7.5
Croatia,2011,"Dentists (per 10,000)",7.33
Croatia,2010,"Dentists (per 10,000)",7.3
Croatia,2009,"Dentists (per 10,000)",7.59
Croatia,2008,"Dentists (per 10,000)",7.56
Croatia,2007,"Dentists (per 10,000)",7.48
Croatia,2006,"Dentists (per 10,000)",7.39
Croatia,2005,"Dentists (per 10,000)",7.35
Croatia,2004,"Dentists (per 10,000)",7.28
Croatia,2003,"Dentists (per 10,000)",7.03
Croatia,2002,"Dentists (per 10,000)",6.89
Croatia,2001,"Dentists (per 10,000)",6.85
Croatia,2000,"Dentists (per 10,000)",6.72
Croatia,1999,"Dentists (per 10,000)",6.55
Croatia,1998,"Dentists (per 10,000)",6.59
Croatia,1997,"Dentists (per 10,000)",6.26
Croatia,1996,"Dentists (per 10,000)",6.05
Croatia,1995,"Dentists (per 10,000)",5.79
Croatia,1994,"Dentists (per 10,000)",5.56
Croatia,1993,"Dentists (per 10,000)",5.7
Croatia,1992,"Dentists (per 10,000)",4.29
Croatia,1991,"Dentists (per 10,000)",4.36
Croatia,1990,"Dentists (per 10,000)",4.74
Cuba,2017,"Dentists (per 10,000)",16.81
Cuba,2014,"Dentists (per 10,000)",14.71
Cuba,2013,"Dentists (per 10,000)",13.52
Cuba,2012,"Dentists (per 10,000)",12.44
Cuba,2011,"Dentists (per 10,000)",11.39
Cuba,2010,"Dentists (per 10,000)",10.82
Cuba,2009,"Dentists (per 10,000)",10.31
Cuba,2008,"Dentists (per 10,000)",10
Cuba,2007,"Dentists (per 10,000)",9.68
Cuba,2006,"Dentists (per 10,000)",9.55
Cuba,2005,"Dentists (per 10,000)",9.37
Cuba,2004,"Dentists (per 10,000)",9.29
Cuba,2003,"Dentists (per 10,000)",9.05
Cuba,2002,"Dentists (per 10,000)",8.89
Cuba,2001,"Dentists (per 10,000)",8.85
Cuba,2000,"Dentists (per 10,000)",8.91
Cuba,1999,"Dentists (per 10,000)",8.95
Cuba,1998,"Dentists (per 10,000)",8.94
Cuba,1997,"Dentists (per 10,000)",8.93
Cuba,1996,"Dentists (per 10,000)",8.78
Cuba,1995,"Dentists (per 10,000)",8.4
Cuba,1994,"Dentists (per 10,000)",8.15
Cuba,1993,"Dentists (per 10,000)",7.91
Cuba,1992,"Dentists (per 10,000)",7.5
Cuba,1991,"Dentists (per 10,000)",7.04
Cuba,1990,"Dentists (per 10,000)",6.57
Cyprus,2015,"Dentists (per 10,000)",7.55
Cyprus,2014,"Dentists (per 10,000)",7.28
Cyprus,2013,"Dentists (per 10,000)",7.25
Cyprus,2012,"Dentists (per 10,000)",7.19
Cyprus,2011,"Dentists (per 10,000)",6.96
Cyprus,2010,"Dentists (per 10,000)",6.94
Cyprus,2009,"Dentists (per 10,000)",6.89
Cyprus,2008,"Dentists (per 10,000)",6.87
Cyprus,2007,"Dentists (per 10,000)",6.8
Cyprus,2006,"Dentists (per 10,000)",6.84
Cyprus,2005,"Dentists (per 10,000)",7.08
Cyprus,2004,"Dentists (per 10,000)",6.9
Cyprus,2003,"Dentists (per 10,000)",6.75
Cyprus,2002,"Dentists (per 10,000)",6.65
Cyprus,2001,"Dentists (per 10,000)",6.6
Cyprus,2000,"Dentists (per 10,000)",6.56
Cyprus,1999,"Dentists (per 10,000)",6.52
Cyprus,1998,"Dentists (per 10,000)",6.46
Cyprus,1997,"Dentists (per 10,000)",6.43
Cyprus,1996,"Dentists (per 10,000)",6.38
Cyprus,1995,"Dentists (per 10,000)",6.35
Cyprus,1994,"Dentists (per 10,000)",6.3
Cyprus,1993,"Dentists (per 10,000)",6.08
Cyprus,1992,"Dentists (per 10,000)",6.02
Cyprus,1991,"Dentists (per 10,000)",5.89
Cyprus,1990,"Dentists (per 10,000)",5.58
Czechia,2018,"Dentists (per 10,000)",7.35
Czechia,2017,"Dentists (per 10,000)",7.44
Czechia,2016,"Dentists (per 10,000)",7.49
Czechia,2015,"Dentists (per 10,000)",7.98
Czechia,2014,"Dentists (per 10,000)",7.47
Czechia,2013,"Dentists (per 10,000)",7.02
Czechia,2012,"Dentists (per 10,000)",7.05
Czechia,2011,"Dentists (per 10,000)",7.03
Czechia,2010,"Dentists (per 10,000)",6.89
Czechia,2009,"Dentists (per 10,000)",6.76
Czechia,2008,"Dentists (per 10,000)",6.69
Czechia,2007,"Dentists (per 10,000)",6.71
Czechia,2006,"Dentists (per 10,000)",6.73
Czechia,2005,"Dentists (per 10,000)",6.73
Czechia,2004,"Dentists (per 10,000)",6.68
Czechia,2003,"Dentists (per 10,000)",6.58
Czechia,2002,"Dentists (per 10,000)",6.53
Czechia,2001,"Dentists (per 10,000)",6.52
Czechia,2000,"Dentists (per 10,000)",6.47
Czechia,1999,"Dentists (per 10,000)",6.24
Czechia,1998,"Dentists (per 10,000)",6.19
Czechia,1997,"Dentists (per 10,000)",6.26
Czechia,1996,"Dentists (per 10,000)",6.06
Czechia,1995,"Dentists (per 10,000)",6.03
Czechia,1994,"Dentists (per 10,000)",5.92
Czechia,1993,"Dentists (per 10,000)",5.69
Czechia,1992,"Dentists (per 10,000)",5.47
Czechia,1991,"Dentists (per 10,000)",5.47
Czechia,1990,"Dentists (per 10,000)",5.44
Democratic People's Republic of Korea,2017,"Dentists (per 10,000)",2.2
Democratic People's Republic of Korea,2012,"Dentists (per 10,000)",1.86
Democratic People's Republic of Korea,2008,"Dentists (per 10,000)",1.78
Democratic People's Republic of Korea,2003,"Dentists (per 10,000)",1.68
Democratic Republic of the Congo,2016,"Dentists (per 10,000)",0.019
Democratic Republic of the Congo,2009,"Dentists (per 10,000)",0.007
Denmark,2016,"Dentists (per 10,000)",7.44
Denmark,2015,"Dentists (per 10,000)",7.6
Denmark,2014,"Dentists (per 10,000)",7.67
Denmark,2013,"Dentists (per 10,000)",7.79
Denmark,2012,"Dentists (per 10,000)",7.94
Denmark,2011,"Dentists (per 10,000)",8
Denmark,2010,"Dentists (per 10,000)",8.18
Denmark,2009,"Dentists (per 10,000)",8.06
Denmark,2008,"Dentists (per 10,000)",8.21
Denmark,2007,"Dentists (per 10,000)",8.39
Denmark,2006,"Dentists (per 10,000)",8.5
Denmark,2005,"Dentists (per 10,000)",8.56
Denmark,2004,"Dentists (per 10,000)",8.57
Denmark,2003,"Dentists (per 10,000)",8.53
Denmark,2002,"Dentists (per 10,000)",8.52
Denmark,2001,"Dentists (per 10,000)",8.6
Denmark,2000,"Dentists (per 10,000)",8.58
Denmark,1999,"Dentists (per 10,000)",8.62
Denmark,1998,"Dentists (per 10,000)",8.74
Denmark,1997,"Dentists (per 10,000)",8.63
Denmark,1996,"Dentists (per 10,000)",8.58
Denmark,1995,"Dentists (per 10,000)",8.54
Denmark,1994,"Dentists (per 10,000)",8.54
Denmark,1993,"Dentists (per 10,000)",8.42
Denmark,1992,"Dentists (per 10,000)",8.46
Djibouti,2014,"Dentists (per 10,000)",0.21
Djibouti,2004,"Dentists (per 10,000)",0.13
Djibouti,1999,"Dentists (per 10,000)",0.086
Dominica,2017,"Dentists (per 10,000)",0.7
Dominica,1997,"Dentists (per 10,000)",0.57
Dominican Republic,2019,"Dentists (per 10,000)",1.89
Dominican Republic,2017,"Dentists (per 10,000)",2.15
Dominican Republic,2011,"Dentists (per 10,000)",1.95
Dominican Republic,2009,"Dentists (per 10,000)",1.86
Dominican Republic,2008,"Dentists (per 10,000)",1.27
Dominican Republic,2000,"Dentists (per 10,000)",8.26
Ecuador,2016,"Dentists (per 10,000)",3.18
Ecuador,2015,"Dentists (per 10,000)",5.28
Ecuador,2011,"Dentists (per 10,000)",2.74
Ecuador,2009,"Dentists (per 10,000)",2.28
Ecuador,2003,"Dentists (per 10,000)",1.66
Ecuador,2002,"Dentists (per 10,000)",1.7
Ecuador,2001,"Dentists (per 10,000)",1.64
Ecuador,2000,"Dentists (per 10,000)",1.63
Ecuador,1999,"Dentists (per 10,000)",1.61
Ecuador,1998,"Dentists (per 10,000)",1.55
Ecuador,1997,"Dentists (per 10,000)",1.59
Ecuador,1996,"Dentists (per 10,000)",1.55
Ecuador,1995,"Dentists (per 10,000)",1.53
Ecuador,1994,"Dentists (per 10,000)",1.56
Ecuador,1993,"Dentists (per 10,000)",1.41
Ecuador,1992,"Dentists (per 10,000)",1.7
Ecuador,1991,"Dentists (per 10,000)",1.58
Ecuador,1990,"Dentists (per 10,000)",1.48
Egypt,2018,"Dentists (per 10,000)",20.02
Egypt,2017,"Dentists (per 10,000)",1.98
Egypt,2016,"Dentists (per 10,000)",1.86
Egypt,2015,"Dentists (per 10,000)",1.83
Egypt,2014,"Dentists (per 10,000)",1.63
Egypt,2004,"Dentists (per 10,000)",1.11
El Salvador,2008,"Dentists (per 10,000)",7.61
El Salvador,2005,"Dentists (per 10,000)",7.03
El Salvador,2002,"Dentists (per 10,000)",5.81
El Salvador,1999,"Dentists (per 10,000)",5.07
Equatorial Guinea,2004,"Dentists (per 10,000)",0.07
Eritrea,2004,"Dentists (per 10,000)",0.059
Estonia,2018,"Dentists (per 10,000)",13.78
Estonia,2017,"Dentists (per 10,000)",9.59
Estonia,2016,"Dentists (per 10,000)",9.55
Estonia,2015,"Dentists (per 10,000)",9.42
Estonia,2014,"Dentists (per 10,000)",9.29
Estonia,2013,"Dentists (per 10,000)",9.02
Estonia,2012,"Dentists (per 10,000)",9.04
Estonia,2011,"Dentists (per 10,000)",8.88
Estonia,2010,"Dentists (per 10,000)",8.99
Estonia,2009,"Dentists (per 10,000)",8.95
Estonia,2008,"Dentists (per 10,000)",9.23
Estonia,2007,"Dentists (per 10,000)",8.66
Estonia,2006,"Dentists (per 10,000)",8.85
Estonia,2005,"Dentists (per 10,000)",8.78
Estonia,2004,"Dentists (per 10,000)",8.18
Estonia,2003,"Dentists (per 10,000)",8.21
Estonia,2002,"Dentists (per 10,000)",7.8
Estonia,2001,"Dentists (per 10,000)",8.06
Estonia,2000,"Dentists (per 10,000)",7.53
Estonia,1999,"Dentists (per 10,000)",7.55
Estonia,1998,"Dentists (per 10,000)",7.43
Estonia,1997,"Dentists (per 10,000)",7.4
Estonia,1996,"Dentists (per 10,000)",7.07
Estonia,1995,"Dentists (per 10,000)",6.48
Estonia,1994,"Dentists (per 10,000)",6.12
Estonia,1993,"Dentists (per 10,000)",5.88
Estonia,1992,"Dentists (per 10,000)",5.59
Estonia,1991,"Dentists (per 10,000)",5.37
Estonia,1990,"Dentists (per 10,000)",5.19
Eswatini,2019,"Dentists (per 10,000)",0.12
Eswatini,2011,"Dentists (per 10,000)",0.43
Eswatini,2009,"Dentists (per 10,000)",0.12
Eswatini,2004,"Dentists (per 10,000)",0.17
Eswatini,2000,"Dentists (per 10,000)",0.03
Ethiopia,2018,"Dentists (per 10,000)",0.16
Ethiopia,2003,"Dentists (per 10,000)",0.008
Fiji,2019,"Dentists (per 10,000)",1.2
Fiji,2015,"Dentists (per 10,000)",0.74
Fiji,2009,"Dentists (per 10,000)",2
Fiji,2003,"Dentists (per 10,000)",0.74
Fiji,1999,"Dentists (per 10,000)",0.4
Finland,2014,"Dentists (per 10,000)",7.3
Finland,2013,"Dentists (per 10,000)",7.26
Finland,2012,"Dentists (per 10,000)",7.4
Finland,2011,"Dentists (per 10,000)",7.78
Finland,2010,"Dentists (per 10,000)",7.89
Finland,2009,"Dentists (per 10,000)",7.43
Finland,2008,"Dentists (per 10,000)",7.53
Finland,2007,"Dentists (per 10,000)",7.81
Finland,2006,"Dentists (per 10,000)",7.85
Finland,2005,"Dentists (per 10,000)",8.05
Finland,2004,"Dentists (per 10,000)",8.13
Finland,2002,"Dentists (per 10,000)",8.94
Finland,2001,"Dentists (per 10,000)",8.77
Finland,2000,"Dentists (per 10,000)",8.5
Finland,1999,"Dentists (per 10,000)",9.32
France,2018,"Dentists (per 10,000)",6.67
France,2017,"Dentists (per 10,000)",6.66
France,2016,"Dentists (per 10,000)",6.65
France,2015,"Dentists (per 10,000)",6.61
France,2014,"Dentists (per 10,000)",6.59
France,2013,"Dentists (per 10,000)",6.59
France,2012,"Dentists (per 10,000)",6.57
France,2011,"Dentists (per 10,000)",6.57
France,2010,"Dentists (per 10,000)",6.86
France,2009,"Dentists (per 10,000)",6.89
France,2008,"Dentists (per 10,000)",6.96
France,2007,"Dentists (per 10,000)",7.05
France,2006,"Dentists (per 10,000)",7.09
France,2005,"Dentists (per 10,000)",7.13
France,2004,"Dentists (per 10,000)",7.13
France,2003,"Dentists (per 10,000)",7.15
France,2002,"Dentists (per 10,000)",7.17
France,2001,"Dentists (per 10,000)",7.18
France,2000,"Dentists (per 10,000)",7.21
France,1999,"Dentists (per 10,000)",6.83
France,1998,"Dentists (per 10,000)",6.75
France,1997,"Dentists (per 10,000)",6.78
France,1996,"Dentists (per 10,000)",6.82
France,1995,"Dentists (per 10,000)",6.87
France,1994,"Dentists (per 10,000)",6.82
France,1993,"Dentists (per 10,000)",6.78
France,1992,"Dentists (per 10,000)",6.73
France,1991,"Dentists (per 10,000)",6.7
Gabon,2019,"Dentists (per 10,000)",0.21
Gabon,2017,"Dentists (per 10,000)",0.18
Gabon,2016,"Dentists (per 10,000)",0.045
Gabon,2008,"Dentists (per 10,000)",0.2
Gabon,2004,"Dentists (per 10,000)",0.1
Gambia,2015,"Dentists (per 10,000)",0.081
Gambia,2008,"Dentists (per 10,000)",0.071
Gambia,2007,"Dentists (per 10,000)",0.067
Gambia,2006,"Dentists (per 10,000)",0.063
Gambia,2005,"Dentists (per 10,000)",0.065
Gambia,2003,"Dentists (per 10,000)",0.048
Georgia,2018,"Dentists (per 10,000)",7.62
Georgia,2017,"Dentists (per 10,000)",6.16
Georgia,2016,"Dentists (per 10,000)",6.39
Georgia,2015,"Dentists (per 10,000)",6.14
Georgia,2014,"Dentists (per 10,000)",5.33
Georgia,2013,"Dentists (per 10,000)",4.98
Georgia,2012,"Dentists (per 10,000)",4.94
Georgia,2011,"Dentists (per 10,000)",4.27
Georgia,2010,"Dentists (per 10,000)",3.07
Georgia,2009,"Dentists (per 10,000)",2.63
Georgia,2008,"Dentists (per 10,000)",2.82
Georgia,2007,"Dentists (per 10,000)",2.88
Georgia,2006,"Dentists (per 10,000)",2.96
Georgia,2005,"Dentists (per 10,000)",3.25
Georgia,2004,"Dentists (per 10,000)",3.01
Georgia,2003,"Dentists (per 10,000)",3.32
Georgia,2002,"Dentists (per 10,000)",3.3
Georgia,2001,"Dentists (per 10,000)",3.11
Georgia,2000,"Dentists (per 10,000)",3.45
Georgia,1999,"Dentists (per 10,000)",3.87
Georgia,1998,"Dentists (per 10,000)",3.5
Georgia,1997,"Dentists (per 10,000)",3.63
Georgia,1996,"Dentists (per 10,000)",3.56
Germany,2017,"Dentists (per 10,000)",8.52
Germany,2016,"Dentists (per 10,000)",8.55
Germany,2015,"Dentists (per 10,000)",8.56
Germany,2014,"Dentists (per 10,000)",8.5
Germany,2013,"Dentists (per 10,000)",8.42
Germany,2012,"Dentists (per 10,000)",8.38
Germany,2011,"Dentists (per 10,000)",8.28
Germany,2010,"Dentists (per 10,000)",8.22
Germany,2009,"Dentists (per 10,000)",8.12
Germany,2008,"Dentists (per 10,000)",8.01
Germany,2007,"Dentists (per 10,000)",7.92
Germany,2006,"Dentists (per 10,000)",7.84
Germany,2005,"Dentists (per 10,000)",7.8
Germany,2004,"Dentists (per 10,000)",7.77
Germany,2003,"Dentists (per 10,000)",7.72
Germany,2002,"Dentists (per 10,000)",7.64
Germany,2001,"Dentists (per 10,000)",7.61
Germany,2000,"Dentists (per 10,000)",7.55
Germany,1999,"Dentists (per 10,000)",7.47
Germany,1998,"Dentists (per 10,000)",7.42
Germany,1997,"Dentists (per 10,000)",7.38
Germany,1996,"Dentists (per 10,000)",7.3
Germany,1995,"Dentists (per 10,000)",7.21
Germany,1994,"Dentists (per 10,000)",7.04
Germany,1993,"Dentists (per 10,000)",6.9
Germany,1992,"Dentists (per 10,000)",6.65
Ghana,2008,"Dentists (per 10,000)",0.019
Ghana,2007,"Dentists (per 10,000)",0.013
Ghana,2004,"Dentists (per 10,000)",0.049
Greece,2017,"Dentists (per 10,000)",12.55
Greece,2016,"Dentists (per 10,000)",12.46
Greece,2015,"Dentists (per 10,000)",12.48
Greece,2014,"Dentists (per 10,000)",12.85
Greece,2013,"Dentists (per 10,000)",12.95
Greece,2012,"Dentists (per 10,000)",13.18
Greece,2011,"Dentists (per 10,000)",13.41
Greece,2010,"Dentists (per 10,000)",13.47
Grenada,2017,"Dentists (per 10,000)",1.53
Grenada,2006,"Dentists (per 10,000)",1.81
Grenada,2003,"Dentists (per 10,000)",0.87
Grenada,2002,"Dentists (per 10,000)",0.87
Grenada,2001,"Dentists (per 10,000)",0.87
Grenada,2000,"Dentists (per 10,000)",0.88
Grenada,1999,"Dentists (per 10,000)",0.88
Grenada,1997,"Dentists (per 10,000)",0.69
Guatemala,2018,"Dentists (per 10,000)",0.1
Guatemala,2007,"Dentists (per 10,000)",1.73
Guatemala,1999,"Dentists (per 10,000)",1.8
Guinea,2016,"Dentists (per 10,000)",0.043
Guinea,2005,"Dentists (per 10,000)",0.019
Guinea,2004,"Dentists (per 10,000)",0.025
Guinea,2000,"Dentists (per 10,000)",0.022
Guinea-Bissau,2018,"Dentists (per 10,000)",0.037
Guinea-Bissau,2009,"Dentists (per 10,000)",0.047
Guinea-Bissau,2008,"Dentists (per 10,000)",0.014
Guinea-Bissau,2004,"Dentists (per 10,000)",0.023
Guyana,2018,"Dentists (per 10,000)",0.36
Guyana,2009,"Dentists (per 10,000)",0.39
Guyana,2000,"Dentists (per 10,000)",0.4
Haiti,2018,"Dentists (per 10,000)",0.21
Haiti,2015,"Dentists (per 10,000)",0.058
Haiti,2011,"Dentists (per 10,000)",0.05
Haiti,1998,"Dentists (per 10,000)",0.12
Honduras,2017,"Dentists (per 10,000)",0.33
Honduras,2016,"Dentists (per 10,000)",2.63
Honduras,2008,"Dentists (per 10,000)",0.3
Honduras,2000,"Dentists (per 10,000)",1.74
Hungary,2018,"Dentists (per 10,000)",7.08
Hungary,2017,"Dentists (per 10,000)",6.77
Hungary,2016,"Dentists (per 10,000)",6.24
Hungary,2015,"Dentists (per 10,000)",6.07
Hungary,2014,"Dentists (per 10,000)",6.33
Hungary,2013,"Dentists (per 10,000)",6.06
Hungary,2012,"Dentists (per 10,000)",5.69
Hungary,2011,"Dentists (per 10,000)",5.29
Hungary,2010,"Dentists (per 10,000)",5.3
Hungary,2009,"Dentists (per 10,000)",4.94
Hungary,2008,"Dentists (per 10,000)",5.07
Hungary,2007,"Dentists (per 10,000)",4
Hungary,2006,"Dentists (per 10,000)",4.97
Hungary,2005,"Dentists (per 10,000)",4.47
Hungary,2004,"Dentists (per 10,000)",5.09
Hungary,2003,"Dentists (per 10,000)",5.28
Hungary,2002,"Dentists (per 10,000)",4.76
Hungary,2001,"Dentists (per 10,000)",3.57
Hungary,2000,"Dentists (per 10,000)",3.23
Hungary,1999,"Dentists (per 10,000)",4.5
Hungary,1998,"Dentists (per 10,000)",4.38
Hungary,1997,"Dentists (per 10,000)",3.71
Hungary,1996,"Dentists (per 10,000)",3.56
Hungary,1995,"Dentists (per 10,000)",3.49
Hungary,1994,"Dentists (per 10,000)",3.51
Hungary,1993,"Dentists (per 10,000)",3.36
Hungary,1992,"Dentists (per 10,000)",3.25
Hungary,1991,"Dentists (per 10,000)",2.35
Hungary,1990,"Dentists (per 10,000)",2.28
Iceland,2018,"Dentists (per 10,000)",8.58
Iceland,2017,"Dentists (per 10,000)",8.34
Iceland,2016,"Dentists (per 10,000)",8.37
Iceland,2015,"Dentists (per 10,000)",8.42
Iceland,2014,"Dentists (per 10,000)",8.34
Iceland,2013,"Dentists (per 10,000)",8.31
Iceland,2012,"Dentists (per 10,000)",8.29
Iceland,2011,"Dentists (per 10,000)",8.75
Iceland,2010,"Dentists (per 10,000)",9.34
Iceland,2009,"Dentists (per 10,000)",9.3
Iceland,2008,"Dentists (per 10,000)",9.68
Iceland,2007,"Dentists (per 10,000)",9.63
Iceland,2006,"Dentists (per 10,000)",9.54
Iceland,2005,"Dentists (per 10,000)",9.8
Iceland,2004,"Dentists (per 10,000)",9.86
Iceland,2003,"Dentists (per 10,000)",10
Iceland,2002,"Dentists (per 10,000)",10.1
Iceland,2001,"Dentists (per 10,000)",10.07
Iceland,2000,"Dentists (per 10,000)",10.09
Iceland,1999,"Dentists (per 10,000)",10
Iceland,1998,"Dentists (per 10,000)",9.84
Iceland,1997,"Dentists (per 10,000)",10.41
Iceland,1996,"Dentists (per 10,000)",10.26
Iceland,1995,"Dentists (per 10,000)",10.09
Iceland,1994,"Dentists (per 10,000)",10.3
Iceland,1993,"Dentists (per 10,000)",10.05
Iceland,1992,"Dentists (per 10,000)",9.88
Iceland,1991,"Dentists (per 10,000)",9.36
Iceland,1990,"Dentists (per 10,000)",9.02
India,2019,"Dentists (per 10,000)",1.99
India,2018,"Dentists (per 10,000)",2.01
India,2017,"Dentists (per 10,000)",1.88
India,2016,"Dentists (per 10,000)",1.49
India,2014,"Dentists (per 10,000)",1.19
India,2012,"Dentists (per 10,000)",0.96
India,2011,"Dentists (per 10,000)",0.94
India,2009,"Dentists (per 10,000)",0.86
India,2008,"Dentists (per 10,000)",0.78
India,2007,"Dentists (per 10,000)",0.62
India,2006,"Dentists (per 10,000)",0.67
India,2005,"Dentists (per 10,000)",0.48
India,2004,"Dentists (per 10,000)",0.49
India,2003,"Dentists (per 10,000)",0.43
India,2002,"Dentists (per 10,000)",0.43
India,2001,"Dentists (per 10,000)",0.44
India,2000,"Dentists (per 10,000)",0.37
India,1991,"Dentists (per 10,000)",0.15
Indonesia,2018,"Dentists (per 10,000)",0.57
Indonesia,2017,"Dentists (per 10,000)",0.55
Indonesia,2015,"Dentists (per 10,000)",0.49
Indonesia,2012,"Dentists (per 10,000)",0.43
Indonesia,2010,"Dentists (per 10,000)",0.36
Indonesia,2009,"Dentists (per 10,000)",0.23
Indonesia,2003,"Dentists (per 10,000)",0.24
Iran (Islamic Republic of),2018,"Dentists (per 10,000)",4.47
Iran (Islamic Republic of),2017,"Dentists (per 10,000)",3.27
Iran (Islamic Republic of),2015,"Dentists (per 10,000)",3.34
Iran (Islamic Republic of),2014,"Dentists (per 10,000)",3.59
Iran (Islamic Republic of),2006,"Dentists (per 10,000)",1.35
Iran (Islamic Republic of),2005,"Dentists (per 10,000)",1.89
Iran (Islamic Republic of),2004,"Dentists (per 10,000)",1.54
Iraq,2019,"Dentists (per 10,000)",2.64
Iraq,2017,"Dentists (per 10,000)",2.54
Iraq,2016,"Dentists (per 10,000)",2.44
Iraq,2014,"Dentists (per 10,000)",2.29
Iraq,2010,"Dentists (per 10,000)",1.61
Ireland,2018,"Dentists (per 10,000)",6.68
Ireland,2017,"Dentists (per 10,000)",6.55
Ireland,2016,"Dentists (per 10,000)",6.28
Ireland,2015,"Dentists (per 10,000)",6.08
Ireland,2014,"Dentists (per 10,000)",5.96
Ireland,2013,"Dentists (per 10,000)",5.74
Ireland,2012,"Dentists (per 10,000)",5.77
Ireland,2011,"Dentists (per 10,000)",5.81
Ireland,2010,"Dentists (per 10,000)",5.98
Ireland,2009,"Dentists (per 10,000)",6.01
Ireland,2008,"Dentists (per 10,000)",6.15
Ireland,2007,"Dentists (per 10,000)",5.87
Ireland,2006,"Dentists (per 10,000)",5.71
Ireland,2005,"Dentists (per 10,000)",5.62
Ireland,2004,"Dentists (per 10,000)",5.51
Ireland,2003,"Dentists (per 10,000)",5.46
Ireland,2002,"Dentists (per 10,000)",5.38
Ireland,2001,"Dentists (per 10,000)",5.22
Ireland,2000,"Dentists (per 10,000)",5.02
Israel,2017,"Dentists (per 10,000)",7.28
Israel,2016,"Dentists (per 10,000)",8.06
Israel,2015,"Dentists (per 10,000)",8.31
Israel,2014,"Dentists (per 10,000)",8.02
Israel,2013,"Dentists (per 10,000)",6.98
Israel,2012,"Dentists (per 10,000)",7.05
Israel,2011,"Dentists (per 10,000)",7.84
Israel,2010,"Dentists (per 10,000)",8.67
Israel,2009,"Dentists (per 10,000)",8.48
Israel,2008,"Dentists (per 10,000)",8.36
Israel,2007,"Dentists (per 10,000)",8.33
Israel,2006,"Dentists (per 10,000)",8.33
Israel,2005,"Dentists (per 10,000)",8.63
Israel,2004,"Dentists (per 10,000)",9.28
Israel,2003,"Dentists (per 10,000)",9.82
Israel,2002,"Dentists (per 10,000)",9.19
Israel,2001,"Dentists (per 10,000)",8.47
Israel,2000,"Dentists (per 10,000)",8.41
Israel,1999,"Dentists (per 10,000)",9.73
Israel,1998,"Dentists (per 10,000)",10.18
Israel,1997,"Dentists (per 10,000)",9.58
Israel,1996,"Dentists (per 10,000)",8.97
Israel,1995,"Dentists (per 10,000)",13.77
Italy,2018,"Dentists (per 10,000)",8.24
Italy,2017,"Dentists (per 10,000)",8.17
Italy,2016,"Dentists (per 10,000)",8.01
Italy,2015,"Dentists (per 10,000)",7.86
Italy,2014,"Dentists (per 10,000)",7.88
Italy,2013,"Dentists (per 10,000)",7.82
Jamaica,2017,"Dentists (per 10,000)",0.89
Jamaica,2016,"Dentists (per 10,000)",0.16
Jamaica,2015,"Dentists (per 10,000)",0.13
Jamaica,2014,"Dentists (per 10,000)",0.13
Jamaica,2013,"Dentists (per 10,000)",0.12
Jamaica,2012,"Dentists (per 10,000)",0.12
Jamaica,2008,"Dentists (per 10,000)",0.17
Jamaica,2003,"Dentists (per 10,000)",0.78
Japan,2016,"Dentists (per 10,000)",7.95
Japan,2014,"Dentists (per 10,000)",7.88
Japan,2012,"Dentists (per 10,000)",7.76
Japan,2010,"Dentists (per 10,000)",7.68
Japan,2008,"Dentists (per 10,000)",7.52
Japan,2006,"Dentists (per 10,000)",7.37
Japan,2004,"Dentists (per 10,000)",7.43
Japan,2002,"Dentists (per 10,000)",7.26
Japan,2000,"Dentists (per 10,000)",7.13
Japan,1998,"Dentists (per 10,000)",6.93
Japan,1996,"Dentists (per 10,000)",6.75
Japan,1994,"Dentists (per 10,000)",6.43
Japan,1992,"Dentists (per 10,000)",6.18
Japan,1990,"Dentists (per 10,000)",5.95
Jordan,2018,"Dentists (per 10,000)",7.13
Jordan,2017,"Dentists (per 10,000)",7.26
Jordan,2016,"Dentists (per 10,000)",7.03
Jordan,2015,"Dentists (per 10,000)",7.35
Jordan,2014,"Dentists (per 10,000)",7.72
Jordan,2013,"Dentists (per 10,000)",7.99
Jordan,2010,"Dentists (per 10,000)",7.84
Jordan,2009,"Dentists (per 10,000)",6.36
Jordan,2008,"Dentists (per 10,000)",7.77
Jordan,2007,"Dentists (per 10,000)",7.82
Jordan,2006,"Dentists (per 10,000)",7.67
Jordan,2005,"Dentists (per 10,000)",7.27
Jordan,2004,"Dentists (per 10,000)",7.12
Jordan,2003,"Dentists (per 10,000)",6.39
Jordan,2002,"Dentists (per 10,000)",4.48
Jordan,2001,"Dentists (per 10,000)",5.5
Jordan,2000,"Dentists (per 10,000)",5.63
Jordan,1999,"Dentists (per 10,000)",5.39
Jordan,1998,"Dentists (per 10,000)",5.06
Kazakhstan,2015,"Dentists (per 10,000)",2.9
Kazakhstan,2014,"Dentists (per 10,000)",3.72
Kazakhstan,2013,"Dentists (per 10,000)",3.76
Kazakhstan,2012,"Dentists (per 10,000)",4.13
Kazakhstan,2011,"Dentists (per 10,000)",3.96
Kazakhstan,2010,"Dentists (per 10,000)",4.1
Kazakhstan,2009,"Dentists (per 10,000)",3.55
Kazakhstan,2008,"Dentists (per 10,000)",3.55
Kazakhstan,2007,"Dentists (per 10,000)",3.64
Kazakhstan,2006,"Dentists (per 10,000)",3.61
Kazakhstan,2005,"Dentists (per 10,000)",3.39
Kazakhstan,2004,"Dentists (per 10,000)",3.56
Kazakhstan,2003,"Dentists (per 10,000)",3.45
Kazakhstan,2002,"Dentists (per 10,000)",3.34
Kazakhstan,2001,"Dentists (per 10,000)",2.91
Kazakhstan,2000,"Dentists (per 10,000)",2.65
Kazakhstan,1999,"Dentists (per 10,000)",3.95
Kazakhstan,1998,"Dentists (per 10,000)",2.5
Kazakhstan,1997,"Dentists (per 10,000)",2.74
Kazakhstan,1996,"Dentists (per 10,000)",3.86
Kazakhstan,1995,"Dentists (per 10,000)",4.24
Kazakhstan,1994,"Dentists (per 10,000)",4.24
Kazakhstan,1993,"Dentists (per 10,000)",4.53
Kazakhstan,1992,"Dentists (per 10,000)",4.37
Kazakhstan,1991,"Dentists (per 10,000)",4.22
Kazakhstan,1990,"Dentists (per 10,000)",4.23
Kenya,2019,"Dentists (per 10,000)",0.25
Kenya,2018,"Dentists (per 10,000)",0.16
Kenya,2014,"Dentists (per 10,000)",0.23
Kenya,2013,"Dentists (per 10,000)",0.23
Kenya,2012,"Dentists (per 10,000)",0.22
Kenya,2011,"Dentists (per 10,000)",0.22
Kenya,2010,"Dentists (per 10,000)",0.21
Kenya,2009,"Dentists (per 10,000)",0.25
Kenya,2008,"Dentists (per 10,000)",0.25
Kenya,2002,"Dentists (per 10,000)",0.22
Kiribati,2016,"Dentists (per 10,000)",0.71
Kiribati,2013,"Dentists (per 10,000)",0.65
Kiribati,2011,"Dentists (per 10,000)",0.29
Kiribati,2010,"Dentists (per 10,000)",0.39
Kiribati,2008,"Dentists (per 10,000)",1.82
Kiribati,2004,"Dentists (per 10,000)",0.33
Kiribati,1998,"Dentists (per 10,000)",0.49
Kuwait,2015,"Dentists (per 10,000)",6.75
Kuwait,2014,"Dentists (per 10,000)",6.15
Kuwait,2013,"Dentists (per 10,000)",6.23
Kuwait,2012,"Dentists (per 10,000)",6.12
Kuwait,2011,"Dentists (per 10,000)",5.8
Kuwait,2010,"Dentists (per 10,000)",5.46
Kuwait,2009,"Dentists (per 10,000)",3.74
Kuwait,2008,"Dentists (per 10,000)",3.62
Kuwait,2007,"Dentists (per 10,000)",3.4
Kuwait,2006,"Dentists (per 10,000)",3.13
Kuwait,2001,"Dentists (per 10,000)",3.2
Kyrgyzstan,2018,"Dentists (per 10,000)",1.85
Kyrgyzstan,2014,"Dentists (per 10,000)",1.65
Kyrgyzstan,2013,"Dentists (per 10,000)",1.71
Kyrgyzstan,2012,"Dentists (per 10,000)",1.73
Kyrgyzstan,2011,"Dentists (per 10,000)",1.73
Kyrgyzstan,2010,"Dentists (per 10,000)",1.89
Kyrgyzstan,2009,"Dentists (per 10,000)",1.94
Kyrgyzstan,2008,"Dentists (per 10,000)",1.91
Kyrgyzstan,2007,"Dentists (per 10,000)",1.97
Kyrgyzstan,2006,"Dentists (per 10,000)",1.99
Kyrgyzstan,2005,"Dentists (per 10,000)",2.06
Kyrgyzstan,2004,"Dentists (per 10,000)",2.1
Kyrgyzstan,2003,"Dentists (per 10,000)",1.98
Kyrgyzstan,2002,"Dentists (per 10,000)",2.11
Kyrgyzstan,2001,"Dentists (per 10,000)",2.17
Kyrgyzstan,2000,"Dentists (per 10,000)",2.28
Kyrgyzstan,1999,"Dentists (per 10,000)",2.59
Kyrgyzstan,1998,"Dentists (per 10,000)",2.67
Kyrgyzstan,1997,"Dentists (per 10,000)",2.68
Kyrgyzstan,1996,"Dentists (per 10,000)",2.44
Kyrgyzstan,1995,"Dentists (per 10,000)",2.37
Kyrgyzstan,1994,"Dentists (per 10,000)",2.66
Kyrgyzstan,1993,"Dentists (per 10,000)",2.73
Kyrgyzstan,1992,"Dentists (per 10,000)",2.92
Kyrgyzstan,1991,"Dentists (per 10,000)",2.91
Kyrgyzstan,1990,"Dentists (per 10,000)",2.85
Lao People's Democratic Republic,2018,"Dentists (per 10,000)",0.62
Lao People's Democratic Republic,2017,"Dentists (per 10,000)",0.71
Lao People's Democratic Republic,2014,"Dentists (per 10,000)",0.51
Lao People's Democratic Republic,2012,"Dentists (per 10,000)",0.5
Lao People's Democratic Republic,2009,"Dentists (per 10,000)",0.37
Latvia,2019,"Dentists (per 10,000)",7.14
Latvia,2017,"Dentists (per 10,000)",7.07
Latvia,2016,"Dentists (per 10,000)",7.15
Latvia,2015,"Dentists (per 10,000)",7.1
Latvia,2014,"Dentists (per 10,000)",6.93
Latvia,2013,"Dentists (per 10,000)",7.13
Latvia,2012,"Dentists (per 10,000)",6.98
Latvia,2011,"Dentists (per 10,000)",6.96
Latvia,2010,"Dentists (per 10,000)",7.02
Latvia,2009,"Dentists (per 10,000)",7.04
Latvia,2008,"Dentists (per 10,000)",6.98
Latvia,2007,"Dentists (per 10,000)",6.66
Latvia,2006,"Dentists (per 10,000)",6.48
Latvia,2005,"Dentists (per 10,000)",6.31
Latvia,2004,"Dentists (per 10,000)",6
Latvia,2003,"Dentists (per 10,000)",5.52
Latvia,2002,"Dentists (per 10,000)",5.41
Latvia,2001,"Dentists (per 10,000)",5.26
Latvia,2000,"Dentists (per 10,000)",5.19
Latvia,1999,"Dentists (per 10,000)",4.66
Latvia,1998,"Dentists (per 10,000)",4.1
Latvia,1997,"Dentists (per 10,000)",4.38
Latvia,1996,"Dentists (per 10,000)",4.64
Latvia,1995,"Dentists (per 10,000)",3.54
Latvia,1994,"Dentists (per 10,000)",3.53
Latvia,1993,"Dentists (per 10,000)",3.38
Latvia,1992,"Dentists (per 10,000)",3.69
Latvia,1991,"Dentists (per 10,000)",5.09
Latvia,1990,"Dentists (per 10,000)",5.16
Lebanon,2018,"Dentists (per 10,000)",10.21
Lebanon,2017,"Dentists (per 10,000)",9.87
Lebanon,2016,"Dentists (per 10,000)",9.82
Lebanon,2015,"Dentists (per 10,000)",8.46
Lebanon,2014,"Dentists (per 10,000)",8.74
Lebanon,2013,"Dentists (per 10,000)",8.91
Lebanon,2011,"Dentists (per 10,000)",12.04
Lebanon,2010,"Dentists (per 10,000)",10.89
Lebanon,2009,"Dentists (per 10,000)",10.31
Lebanon,2007,"Dentists (per 10,000)",8.81
Lebanon,2006,"Dentists (per 10,000)",8.53
Lebanon,2001,"Dentists (per 10,000)",10.73
Lesotho,2003,"Dentists (per 10,000)",0.015
Liberia,2019,"Dentists (per 10,000)",0.014
Liberia,2010,"Dentists (per 10,000)",0.059
Liberia,2009,"Dentists (per 10,000)",0.061
Liberia,2008,"Dentists (per 10,000)",0.011
Liberia,2004,"Dentists (per 10,000)",0.01
Libya,2017,"Dentists (per 10,000)",8.78
Libya,2015,"Dentists (per 10,000)",7.77
Libya,2014,"Dentists (per 10,000)",7.2
Libya,2009,"Dentists (per 10,000)",6.18
Libya,2008,"Dentists (per 10,000)",3.38
Libya,2004,"Dentists (per 10,000)",1.49
Libya,1997,"Dentists (per 10,000)",1.35
Lithuania,2017,"Dentists (per 10,000)",9.98
Lithuania,2016,"Dentists (per 10,000)",9.65
Lithuania,2015,"Dentists (per 10,000)",9.02
Lithuania,2014,"Dentists (per 10,000)",8.98
Lithuania,2013,"Dentists (per 10,000)",8.9
Lithuania,2012,"Dentists (per 10,000)",8.82
Lithuania,2011,"Dentists (per 10,000)",8.06
Lithuania,2010,"Dentists (per 10,000)",7.86
Lithuania,2009,"Dentists (per 10,000)",7.41
Lithuania,2008,"Dentists (per 10,000)",6.87
Lithuania,2007,"Dentists (per 10,000)",7.12
Lithuania,2006,"Dentists (per 10,000)",6.53
Lithuania,2005,"Dentists (per 10,000)",7.08
Lithuania,2004,"Dentists (per 10,000)",6.48
Lithuania,2003,"Dentists (per 10,000)",6.72
Lithuania,2002,"Dentists (per 10,000)",6.49
Lithuania,2001,"Dentists (per 10,000)",6.95
Lithuania,2000,"Dentists (per 10,000)",6.84
Lithuania,1999,"Dentists (per 10,000)",6.48
Lithuania,1998,"Dentists (per 10,000)",6.26
Lithuania,1997,"Dentists (per 10,000)",5.88
Lithuania,1996,"Dentists (per 10,000)",4.64
Lithuania,1995,"Dentists (per 10,000)",4.7
Lithuania,1994,"Dentists (per 10,000)",4.98
Lithuania,1993,"Dentists (per 10,000)",5.28
Lithuania,1992,"Dentists (per 10,000)",5.54
Luxembourg,2017,"Dentists (per 10,000)",9.82
Luxembourg,2016,"Dentists (per 10,000)",9.49
Luxembourg,2015,"Dentists (per 10,000)",8.93
Luxembourg,2014,"Dentists (per 10,000)",8.58
Luxembourg,2013,"Dentists (per 10,000)",8.48
Luxembourg,2012,"Dentists (per 10,000)",8.31
Luxembourg,2011,"Dentists (per 10,000)",8.4
Luxembourg,2010,"Dentists (per 10,000)",8.31
Luxembourg,2009,"Dentists (per 10,000)",8.22
Luxembourg,2008,"Dentists (per 10,000)",8.2
Luxembourg,2007,"Dentists (per 10,000)",8.13
Luxembourg,2006,"Dentists (per 10,000)",8.05
Luxembourg,2005,"Dentists (per 10,000)",8.08
Luxembourg,2004,"Dentists (per 10,000)",7.84
Luxembourg,2003,"Dentists (per 10,000)",6.55
Luxembourg,2002,"Dentists (per 10,000)",6.49
Luxembourg,2001,"Dentists (per 10,000)",6.25
Luxembourg,2000,"Dentists (per 10,000)",5.96
Luxembourg,1999,"Dentists (per 10,000)",6.24
Luxembourg,1998,"Dentists (per 10,000)",6.15
Luxembourg,1997,"Dentists (per 10,000)",5.83
Luxembourg,1996,"Dentists (per 10,000)",5.58
Luxembourg,1995,"Dentists (per 10,000)",5.46
Luxembourg,1994,"Dentists (per 10,000)",5.22
Luxembourg,1993,"Dentists (per 10,000)",5.12
Luxembourg,1992,"Dentists (per 10,000)",5.24
Luxembourg,1991,"Dentists (per 10,000)",5.12
Luxembourg,1990,"Dentists (per 10,000)",5.19
Madagascar,2013,"Dentists (per 10,000)",0.048
Madagascar,2012,"Dentists (per 10,000)",0.081
Madagascar,2011,"Dentists (per 10,000)",0.083
Madagascar,2010,"Dentists (per 10,000)",0.092
Madagascar,2009,"Dentists (per 10,000)",0.087
Madagascar,2008,"Dentists (per 10,000)",0.11
Madagascar,2007,"Dentists (per 10,000)",0.1
Madagascar,2006,"Dentists (per 10,000)",0.1
Madagascar,2005,"Dentists (per 10,000)",0.11
Madagascar,2004,"Dentists (per 10,000)",0.09
Madagascar,2003,"Dentists (per 10,000)",0.092
Madagascar,2002,"Dentists (per 10,000)",0.071
Malawi,2018,"Dentists (per 10,000)",0.017
Malawi,2008,"Dentists (per 10,000)",0.13
Malaysia,2018,"Dentists (per 10,000)",3.08
Malaysia,2015,"Dentists (per 10,000)",3.5
Malaysia,2012,"Dentists (per 10,000)",1.57
Malaysia,2011,"Dentists (per 10,000)",1.48
Malaysia,2010,"Dentists (per 10,000)",1.35
Malaysia,2008,"Dentists (per 10,000)",1.34
Malaysia,2002,"Dentists (per 10,000)",0.89
Malaysia,2000,"Dentists (per 10,000)",0.92
Maldives,2018,"Dentists (per 10,000)",2
Maldives,2017,"Dentists (per 10,000)",1.67
Maldives,2015,"Dentists (per 10,000)",1.36
Maldives,2010,"Dentists (per 10,000)",0.88
Maldives,2009,"Dentists (per 10,000)",1.27
Maldives,2004,"Dentists (per 10,000)",0.32
Mali,2016,"Dentists (per 10,000)",0.06
Mali,2010,"Dentists (per 10,000)",0.023
Mali,2009,"Dentists (per 10,000)",0.027
Mali,2004,"Dentists (per 10,000)",0.036
Malta,2019,"Dentists (per 10,000)",4.84
Malta,2015,"Dentists (per 10,000)",4.75
Malta,2014,"Dentists (per 10,000)",4.67
Malta,2013,"Dentists (per 10,000)",4.62
Malta,2012,"Dentists (per 10,000)",4.51
Malta,2011,"Dentists (per 10,000)",4.45
Malta,2010,"Dentists (per 10,000)",4.44
Malta,2009,"Dentists (per 10,000)",4.35
Marshall Islands,2019,"Dentists (per 10,000)",1.19
Marshall Islands,2012,"Dentists (per 10,000)",0.71
Marshall Islands,2010,"Dentists (per 10,000)",0.71
Marshall Islands,2007,"Dentists (per 10,000)",1.07
Mauritania,2018,"Dentists (per 10,000)",0.21
Mauritania,2009,"Dentists (per 10,000)",0.21
Mauritania,2004,"Dentists (per 10,000)",0.16
Mauritius,2019,"Dentists (per 10,000)",2.76
Mauritius,2017,"Dentists (per 10,000)",3.17
Mauritius,2016,"Dentists (per 10,000)",3.05
Mauritius,2015,"Dentists (per 10,000)",3.02
Mauritius,2014,"Dentists (per 10,000)",2.91
Mauritius,2013,"Dentists (per 10,000)",2.8
Mauritius,2012,"Dentists (per 10,000)",2.4
Mauritius,2011,"Dentists (per 10,000)",2.14
Mauritius,2010,"Dentists (per 10,000)",2.08
Mauritius,2009,"Dentists (per 10,000)",2.01
Mauritius,2008,"Dentists (per 10,000)",1.9
Mauritius,2007,"Dentists (per 10,000)",1.85
Mauritius,2004,"Dentists (per 10,000)",1.37
Mexico,2017,"Dentists (per 10,000)",1.37
Mexico,2016,"Dentists (per 10,000)",1.36
Mexico,2015,"Dentists (per 10,000)",1.3
Mexico,2014,"Dentists (per 10,000)",1.28
Mexico,2013,"Dentists (per 10,000)",1.22
Mexico,2012,"Dentists (per 10,000)",1.17
Mexico,2011,"Dentists (per 10,000)",1.16
Mexico,2010,"Dentists (per 10,000)",1.16
Mexico,2009,"Dentists (per 10,000)",1.08
Mexico,2008,"Dentists (per 10,000)",1.05
Mexico,2007,"Dentists (per 10,000)",1
Mexico,2006,"Dentists (per 10,000)",0.97
Mexico,2005,"Dentists (per 10,000)",0.94
Mexico,2000,"Dentists (per 10,000)",6.04
Micronesia (Federated States of),2008,"Dentists (per 10,000)",1.35
Micronesia (Federated States of),2005,"Dentists (per 10,000)",1.23
Micronesia (Federated States of),2003,"Dentists (per 10,000)",0.94
Micronesia (Federated States of),2000,"Dentists (per 10,000)",1.3
Monaco,2014,"Dentists (per 10,000)",10.19
Monaco,2013,"Dentists (per 10,000)",10.3
Monaco,2012,"Dentists (per 10,000)",10.14
Monaco,2011,"Dentists (per 10,000)",10.56
Monaco,1995,"Dentists (per 10,000)",11.08
Monaco,1992,"Dentists (per 10,000)",12.04
Mongolia,2016,"Dentists (per 10,000)",2.34
Mongolia,2012,"Dentists (per 10,000)",2.82
Mongolia,2011,"Dentists (per 10,000)",2.35
Mongolia,2010,"Dentists (per 10,000)",1.96
Mongolia,2009,"Dentists (per 10,000)",1.98
Mongolia,2008,"Dentists (per 10,000)",1.95
Mongolia,2002,"Dentists (per 10,000)",1.29
Montenegro,2018,"Dentists (per 10,000)",0.46
Montenegro,2015,"Dentists (per 10,000)",0.4
Montenegro,2014,"Dentists (per 10,000)",0.4
Montenegro,2013,"Dentists (per 10,000)",0.4
Montenegro,2012,"Dentists (per 10,000)",0.4
Montenegro,2011,"Dentists (per 10,000)",0.38
Montenegro,2010,"Dentists (per 10,000)",0.42
Morocco,2017,"Dentists (per 10,000)",1.36
Morocco,2015,"Dentists (per 10,000)",1.41
Morocco,2014,"Dentists (per 10,000)",1.36
Morocco,2009,"Dentists (per 10,000)",0.84
Morocco,2004,"Dentists (per 10,000)",1.03
Mozambique,2018,"Dentists (per 10,000)",0.086
Mozambique,2017,"Dentists (per 10,000)",0.072
Mozambique,2015,"Dentists (per 10,000)",0.07
Mozambique,2013,"Dentists (per 10,000)",0.053
Mozambique,2012,"Dentists (per 10,000)",0.028
Mozambique,2011,"Dentists (per 10,000)",0.031
Mozambique,2010,"Dentists (per 10,000)",0.025
Mozambique,2009,"Dentists (per 10,000)",0.023
Mozambique,2004,"Dentists (per 10,000)",0.008
Myanmar,2018,"Dentists (per 10,000)",0.65
Myanmar,2017,"Dentists (per 10,000)",0.81
Myanmar,2016,"Dentists (per 10,000)",0.66
Myanmar,2015,"Dentists (per 10,000)",0.62
Myanmar,2012,"Dentists (per 10,000)",0.59
Myanmar,2011,"Dentists (per 10,000)",0.54
Myanmar,2010,"Dentists (per 10,000)",0.51
Myanmar,2009,"Dentists (per 10,000)",0.46
Myanmar,2008,"Dentists (per 10,000)",0.46
Myanmar,2007,"Dentists (per 10,000)",0.38
Myanmar,2006,"Dentists (per 10,000)",0.35
Myanmar,2005,"Dentists (per 10,000)",0.33
Myanmar,2004,"Dentists (per 10,000)",0.27
Namibia,2018,"Dentists (per 10,000)",0.73
Namibia,2014,"Dentists (per 10,000)",0.3
Namibia,2007,"Dentists (per 10,000)",0.45
Namibia,2004,"Dentists (per 10,000)",0.43
Nauru,2019,"Dentists (per 10,000)",3.7
Nauru,2015,"Dentists (per 10,000)",1.92
Nauru,2011,"Dentists (per 10,000)",0.99
Nauru,2009,"Dentists (per 10,000)",1.01
Nauru,2008,"Dentists (per 10,000)",1.01
Nauru,2004,"Dentists (per 10,000)",1.01
Nepal,2018,"Dentists (per 10,000)",0.97
Nepal,2017,"Dentists (per 10,000)",2.2
Nepal,2004,"Dentists (per 10,000)",0.096
Netherlands,2017,"Dentists (per 10,000)",5.07
Netherlands,2016,"Dentists (per 10,000)",5.13
Netherlands,2015,"Dentists (per 10,000)",5.15
Netherlands,2014,"Dentists (per 10,000)",4.98
Netherlands,2013,"Dentists (per 10,000)",4.94
Netherlands,2012,"Dentists (per 10,000)",4.94
Netherlands,2011,"Dentists (per 10,000)",4.91
Netherlands,2010,"Dentists (per 10,000)",4.7
Netherlands,2009,"Dentists (per 10,000)",4.6
Netherlands,2008,"Dentists (per 10,000)",4.46
Netherlands,2007,"Dentists (per 10,000)",4.44
Netherlands,2006,"Dentists (per 10,000)",4.29
Netherlands,2005,"Dentists (per 10,000)",4.1
New Zealand,2017,"Dentists (per 10,000)",6.24
New Zealand,2016,"Dentists (per 10,000)",6.18
New Zealand,2015,"Dentists (per 10,000)",6.12
New Zealand,2014,"Dentists (per 10,000)",6.1
New Zealand,2013,"Dentists (per 10,000)",6.07
New Zealand,2012,"Dentists (per 10,000)",5.96
New Zealand,2011,"Dentists (per 10,000)",5.93
New Zealand,2010,"Dentists (per 10,000)",5.85
New Zealand,2009,"Dentists (per 10,000)",4.47
New Zealand,2008,"Dentists (per 10,000)",4.48
New Zealand,2007,"Dentists (per 10,000)",4.43
New Zealand,2006,"Dentists (per 10,000)",4.08
New Zealand,2005,"Dentists (per 10,000)",3.96
New Zealand,2002,"Dentists (per 10,000)",4.09
New Zealand,2001,"Dentists (per 10,000)",3.66
Nicaragua,2018,"Dentists (per 10,000)",0.39
Nicaragua,2014,"Dentists (per 10,000)",0.42
Nicaragua,2013,"Dentists (per 10,000)",0.43
Nicaragua,2012,"Dentists (per 10,000)",0.44
Nicaragua,2011,"Dentists (per 10,000)",0.45
Nicaragua,2010,"Dentists (per 10,000)",0.44
Nicaragua,2009,"Dentists (per 10,000)",0.46
Nicaragua,2008,"Dentists (per 10,000)",0.47
Nicaragua,2007,"Dentists (per 10,000)",0.44
Nicaragua,2006,"Dentists (per 10,000)",0.44
Nicaragua,2005,"Dentists (per 10,000)",0.45
Nicaragua,2003,"Dentists (per 10,000)",0.46
Niger,2016,"Dentists (per 10,000)",0.009
Niger,2015,"Dentists (per 10,000)",0.015
Niger,2014,"Dentists (per 10,000)",0.011
Niger,2013,"Dentists (per 10,000)",0.016
Niger,2009,"Dentists (per 10,000)",0.011
Niger,2008,"Dentists (per 10,000)",0.01
Niger,2004,"Dentists (per 10,000)",0.011
Nigeria,2018,"Dentists (per 10,000)",0.22
Nigeria,2016,"Dentists (per 10,000)",0.22
Nigeria,2010,"Dentists (per 10,000)",0.53
Nigeria,2009,"Dentists (per 10,000)",0.16
Nigeria,2008,"Dentists (per 10,000)",0.17
Nigeria,2007,"Dentists (per 10,000)",0.18
Nigeria,2006,"Dentists (per 10,000)",0.16
Nigeria,2005,"Dentists (per 10,000)",0.15
Nigeria,2003,"Dentists (per 10,000)",0.19
Niue,2008,"Dentists (per 10,000)",12.5
Niue,2006,"Dentists (per 10,000)",17.65
Niue,2004,"Dentists (per 10,000)",11.77
Niue,2003,"Dentists (per 10,000)",11.77
Niue,1996,"Dentists (per 10,000)",9.52
Norway,2018,"Dentists (per 10,000)",8.72
Norway,2017,"Dentists (per 10,000)",8.67
Norway,2016,"Dentists (per 10,000)",8.62
Norway,2015,"Dentists (per 10,000)",8.53
Norway,2014,"Dentists (per 10,000)",8.65
Norway,2013,"Dentists (per 10,000)",8.73
Norway,2012,"Dentists (per 10,000)",8.66
Norway,2011,"Dentists (per 10,000)",8.85
Norway,2010,"Dentists (per 10,000)",8.79
Norway,2009,"Dentists (per 10,000)",8.69
Norway,2008,"Dentists (per 10,000)",8.78
Norway,2007,"Dentists (per 10,000)",8.69
Norway,2006,"Dentists (per 10,000)",8.78
Norway,2005,"Dentists (per 10,000)",8.41
Norway,2004,"Dentists (per 10,000)",8.02
Norway,2003,"Dentists (per 10,000)",8.11
Norway,2002,"Dentists (per 10,000)",8.07
Norway,2001,"Dentists (per 10,000)",8.02
Norway,2000,"Dentists (per 10,000)",8.02
Norway,1999,"Dentists (per 10,000)",8.13
Norway,1998,"Dentists (per 10,000)",8.19
Norway,1997,"Dentists (per 10,000)",8.35
Norway,1996,"Dentists (per 10,000)",8.26
Norway,1995,"Dentists (per 10,000)",8.17
Norway,1994,"Dentists (per 10,000)",8.15
Norway,1993,"Dentists (per 10,000)",8.14
Norway,1992,"Dentists (per 10,000)",8.2
Norway,1991,"Dentists (per 10,000)",8.15
Norway,1990,"Dentists (per 10,000)",8.2
Oman,2018,"Dentists (per 10,000)",2.98
Oman,2017,"Dentists (per 10,000)",2.89
Oman,2016,"Dentists (per 10,000)",2.76
Oman,2015,"Dentists (per 10,000)",2.69
Oman,2014,"Dentists (per 10,000)",2.56
Oman,2013,"Dentists (per 10,000)",2.33
Oman,2012,"Dentists (per 10,000)",2.3
Oman,2011,"Dentists (per 10,000)",2.23
Oman,2010,"Dentists (per 10,000)",2.15
Oman,2009,"Dentists (per 10,000)",2.17
Oman,2008,"Dentists (per 10,000)",2.03
Oman,2007,"Dentists (per 10,000)",1.97
Oman,2006,"Dentists (per 10,000)",1.92
Oman,2005,"Dentists (per 10,000)",1.78
Oman,2004,"Dentists (per 10,000)",1.7
Oman,2000,"Dentists (per 10,000)",1.16
Oman,1999,"Dentists (per 10,000)",0.47
Oman,1998,"Dentists (per 10,000)",0.41
Oman,1997,"Dentists (per 10,000)",0.37
Oman,1995,"Dentists (per 10,000)",0.65
Oman,1990,"Dentists (per 10,000)",0.46
Pakistan,2018,"Dentists (per 10,000)",0.96
Pakistan,2017,"Dentists (per 10,000)",0.98
Pakistan,2016,"Dentists (per 10,000)",0.9
Pakistan,2015,"Dentists (per 10,000)",0.84
Pakistan,2014,"Dentists (per 10,000)",0.77
Pakistan,2013,"Dentists (per 10,000)",0.72
Pakistan,2012,"Dentists (per 10,000)",0.68
Pakistan,2011,"Dentists (per 10,000)",0.64
Pakistan,2010,"Dentists (per 10,000)",0.59
Pakistan,2009,"Dentists (per 10,000)",0.56
Pakistan,2008,"Dentists (per 10,000)",0.53
Pakistan,2004,"Dentists (per 10,000)",0.41
Pakistan,2001,"Dentists (per 10,000)",0.32
Pakistan,2000,"Dentists (per 10,000)",0.29
Pakistan,1999,"Dentists (per 10,000)",0.27
Pakistan,1998,"Dentists (per 10,000)",0.26
Pakistan,1997,"Dentists (per 10,000)",0.24
Pakistan,1996,"Dentists (per 10,000)",0.23
Pakistan,1995,"Dentists (per 10,000)",0.22
Pakistan,1994,"Dentists (per 10,000)",0.22
Pakistan,1993,"Dentists (per 10,000)",0.21
Pakistan,1992,"Dentists (per 10,000)",0.2
Palau,2019,"Dentists (per 10,000)",2.22
Palau,2007,"Dentists (per 10,000)",2.6
Palau,1998,"Dentists (per 10,000)",13.04
Panama,2017,"Dentists (per 10,000)",3.03
Panama,2016,"Dentists (per 10,000)",2.8
Panama,2013,"Dentists (per 10,000)",2.7
Panama,2012,"Dentists (per 10,000)",3.27
Panama,2011,"Dentists (per 10,000)",3.01
Panama,2010,"Dentists (per 10,000)",3
Panama,2009,"Dentists (per 10,000)",2.88
Panama,2008,"Dentists (per 10,000)",2.82
Panama,2007,"Dentists (per 10,000)",2.73
Panama,2006,"Dentists (per 10,000)",2.81
Panama,2005,"Dentists (per 10,000)",2.82
Panama,2004,"Dentists (per 10,000)",2.82
Panama,2003,"Dentists (per 10,000)",2.71
Panama,2002,"Dentists (per 10,000)",2.85
Panama,2001,"Dentists (per 10,000)",2.48
Panama,1999,"Dentists (per 10,000)",2.68
Panama,1998,"Dentists (per 10,000)",2.71
Panama,1997,"Dentists (per 10,000)",2.61
Panama,1996,"Dentists (per 10,000)",2.63
Panama,1995,"Dentists (per 10,000)",2.47
Panama,1994,"Dentists (per 10,000)",2.33
Panama,1993,"Dentists (per 10,000)",2.18
Panama,1992,"Dentists (per 10,000)",2.22
Panama,1991,"Dentists (per 10,000)",2.11
Panama,1990,"Dentists (per 10,000)",2.05
Papua New Guinea,2019,"Dentists (per 10,000)",0.071
Papua New Guinea,2018,"Dentists (per 10,000)",0.17
Papua New Guinea,2009,"Dentists (per 10,000)",0.17
Papua New Guinea,2000,"Dentists (per 10,000)",0.15
Paraguay,2018,"Dentists (per 10,000)",1.62
Paraguay,2012,"Dentists (per 10,000)",1.64
Paraguay,2002,"Dentists (per 10,000)",4.39
Peru,2016,"Dentists (per 10,000)",1.85
Peru,2012,"Dentists (per 10,000)",1.52
Peru,2009,"Dentists (per 10,000)",1.24
Peru,2007,"Dentists (per 10,000)",5.41
Peru,1999,"Dentists (per 10,000)",1.08
Philippines,2019,"Dentists (per 10,000)",0.021
Philippines,2017,"Dentists (per 10,000)",2.43
Philippines,2016,"Dentists (per 10,000)",0.019
Philippines,2015,"Dentists (per 10,000)",0.021
Philippines,2008,"Dentists (per 10,000)",0.21
Philippines,2004,"Dentists (per 10,000)",5.42
Philippines,2002,"Dentists (per 10,000)",5.31
Philippines,2000,"Dentists (per 10,000)",1.1
Poland,2017,"Dentists (per 10,000)",3.51
Poland,2016,"Dentists (per 10,000)",3.5
Poland,2015,"Dentists (per 10,000)",3.31
Poland,2014,"Dentists (per 10,000)",3.44
Poland,2013,"Dentists (per 10,000)",3.23
Poland,2012,"Dentists (per 10,000)",3.27
Poland,2011,"Dentists (per 10,000)",3.4
Poland,2010,"Dentists (per 10,000)",3.27
Poland,2009,"Dentists (per 10,000)",3.17
Poland,2008,"Dentists (per 10,000)",3.4
Poland,2007,"Dentists (per 10,000)",3.48
Poland,2006,"Dentists (per 10,000)",3.28
Poland,2005,"Dentists (per 10,000)",3.19
Poland,2004,"Dentists (per 10,000)",3.68
Poland,2003,"Dentists (per 10,000)",2.89
Poland,2002,"Dentists (per 10,000)",2.8
Poland,2001,"Dentists (per 10,000)",2.63
Poland,2000,"Dentists (per 10,000)",3.05
Poland,1999,"Dentists (per 10,000)",3.44
Poland,1998,"Dentists (per 10,000)",4.49
Poland,1997,"Dentists (per 10,000)",4.57
Poland,1996,"Dentists (per 10,000)",4.64
Poland,1995,"Dentists (per 10,000)",4.63
Poland,1994,"Dentists (per 10,000)",4.56
Poland,1993,"Dentists (per 10,000)",4.43
Poland,1992,"Dentists (per 10,000)",4.35
Poland,1991,"Dentists (per 10,000)",4.61
Poland,1990,"Dentists (per 10,000)",4.8
Portugal,2017,"Dentists (per 10,000)",10.12
Portugal,2016,"Dentists (per 10,000)",9.56
Portugal,2015,"Dentists (per 10,000)",9.13
Portugal,2014,"Dentists (per 10,000)",8.76
Portugal,2013,"Dentists (per 10,000)",8.47
Portugal,2012,"Dentists (per 10,000)",8.04
Portugal,2011,"Dentists (per 10,000)",7.67
Portugal,2010,"Dentists (per 10,000)",7.65
Portugal,2009,"Dentists (per 10,000)",6.23
Portugal,2008,"Dentists (per 10,000)",5.69
Portugal,2007,"Dentists (per 10,000)",5.32
Portugal,2006,"Dentists (per 10,000)",5.37
Portugal,2005,"Dentists (per 10,000)",4.81
Portugal,2004,"Dentists (per 10,000)",4.5
Portugal,2003,"Dentists (per 10,000)",4.22
Portugal,2002,"Dentists (per 10,000)",3.98
Qatar,2019,"Dentists (per 10,000)",6.15
Qatar,2018,"Dentists (per 10,000)",6.26
Qatar,2016,"Dentists (per 10,000)",8.12
Qatar,2014,"Dentists (per 10,000)",6.76
Qatar,2006,"Dentists (per 10,000)",4.75
Qatar,2005,"Dentists (per 10,000)",7.97
Republic of Korea,2017,"Dentists (per 10,000)",4.95
Republic of Korea,2016,"Dentists (per 10,000)",4.74
Republic of Korea,2015,"Dentists (per 10,000)",4.63
Republic of Korea,2014,"Dentists (per 10,000)",4.54
Republic of Korea,2013,"Dentists (per 10,000)",4.47
Republic of Korea,2012,"Dentists (per 10,000)",4.37
Republic of Korea,2011,"Dentists (per 10,000)",4.3
Republic of Korea,2010,"Dentists (per 10,000)",4.23
Republic of Korea,2009,"Dentists (per 10,000)",4.14
Republic of Korea,2008,"Dentists (per 10,000)",4.02
Republic of Korea,2007,"Dentists (per 10,000)",3.89
Republic of Korea,2006,"Dentists (per 10,000)",3.79
Republic of Korea,2005,"Dentists (per 10,000)",3.65
Republic of Moldova,2017,"Dentists (per 10,000)",4.22
Republic of Moldova,2015,"Dentists (per 10,000)",4.37
Republic of Moldova,2014,"Dentists (per 10,000)",4.3
Republic of Moldova,2013,"Dentists (per 10,000)",4.3
Republic of Moldova,2012,"Dentists (per 10,000)",4.1
Republic of Moldova,2011,"Dentists (per 10,000)",4.1
Republic of Moldova,2010,"Dentists (per 10,000)",4.02
Republic of Moldova,2009,"Dentists (per 10,000)",3.89
Republic of Moldova,2008,"Dentists (per 10,000)",3.86
Republic of Moldova,2007,"Dentists (per 10,000)",3.72
Republic of Moldova,2006,"Dentists (per 10,000)",3.56
Republic of Moldova,2005,"Dentists (per 10,000)",3.49
Republic of Moldova,2004,"Dentists (per 10,000)",3.36
Republic of Moldova,2003,"Dentists (per 10,000)",3.29
Republic of Moldova,2002,"Dentists (per 10,000)",3.26
Republic of Moldova,2001,"Dentists (per 10,000)",3.11
Republic of Moldova,2000,"Dentists (per 10,000)",3.17
Republic of Moldova,1999,"Dentists (per 10,000)",4.05
Republic of Moldova,1998,"Dentists (per 10,000)",4.31
Republic of Moldova,1997,"Dentists (per 10,000)",4.35
Republic of Moldova,1996,"Dentists (per 10,000)",4.26
Republic of Moldova,1995,"Dentists (per 10,000)",4.43
Republic of Moldova,1994,"Dentists (per 10,000)",4.42
Republic of Moldova,1993,"Dentists (per 10,000)",4.34
Republic of Moldova,1992,"Dentists (per 10,000)",4.38
Republic of Moldova,1991,"Dentists (per 10,000)",4.34
Republic of Moldova,1990,"Dentists (per 10,000)",4.47
The former Yugoslav Republic of Macedonia,2015,"Dentists (per 10,000)",8.77
The former Yugoslav Republic of Macedonia,2013,"Dentists (per 10,000)",8.21
The former Yugoslav Republic of Macedonia,2012,"Dentists (per 10,000)",7.96
The former Yugoslav Republic of Macedonia,2011,"Dentists (per 10,000)",7.83
The former Yugoslav Republic of Macedonia,2010,"Dentists (per 10,000)",7.72
The former Yugoslav Republic of Macedonia,2009,"Dentists (per 10,000)",6.89
Romania,2017,"Dentists (per 10,000)",7.96
Romania,2016,"Dentists (per 10,000)",8.07
Romania,2013,"Dentists (per 10,000)",7.08
Romania,2012,"Dentists (per 10,000)",6.81
Romania,2011,"Dentists (per 10,000)",6.55
Romania,2010,"Dentists (per 10,000)",6.33
Romania,2009,"Dentists (per 10,000)",6.03
Romania,2008,"Dentists (per 10,000)",5.69
Romania,2007,"Dentists (per 10,000)",5.52
Romania,2006,"Dentists (per 10,000)",4.99
Romania,2005,"Dentists (per 10,000)",4.77
Romania,2004,"Dentists (per 10,000)",4.39
Romania,2003,"Dentists (per 10,000)",4.15
Romania,2002,"Dentists (per 10,000)",3.82
Romania,2001,"Dentists (per 10,000)",3.73
Romania,2000,"Dentists (per 10,000)",3.6
Romania,1999,"Dentists (per 10,000)",3.19
Russian Federation,2014,"Dentists (per 10,000)",2.84
Russian Federation,2013,"Dentists (per 10,000)",2.89
Russian Federation,2012,"Dentists (per 10,000)",2.93
Russian Federation,2011,"Dentists (per 10,000)",2.92
Russian Federation,2010,"Dentists (per 10,000)",2.89
Russian Federation,2009,"Dentists (per 10,000)",2.87
Russian Federation,2008,"Dentists (per 10,000)",2.9
Russian Federation,2007,"Dentists (per 10,000)",2.89
Russian Federation,2006,"Dentists (per 10,000)",2.91
Russian Federation,2005,"Dentists (per 10,000)",2.9
Russian Federation,2004,"Dentists (per 10,000)",2.95
Russian Federation,2003,"Dentists (per 10,000)",2.95
Russian Federation,2002,"Dentists (per 10,000)",2.98
Russian Federation,2001,"Dentists (per 10,000)",2.96
Russian Federation,2000,"Dentists (per 10,000)",2.97
Russian Federation,1999,"Dentists (per 10,000)",2.73
Russian Federation,1998,"Dentists (per 10,000)",2.73
Russian Federation,1997,"Dentists (per 10,000)",2.7
Russian Federation,1996,"Dentists (per 10,000)",2.65
Russian Federation,1995,"Dentists (per 10,000)",2.58
Russian Federation,1994,"Dentists (per 10,000)",2.76
Russian Federation,1993,"Dentists (per 10,000)",2.71
Russian Federation,1992,"Dentists (per 10,000)",2.7
Rwanda,2018,"Dentists (per 10,000)",0.19
Rwanda,2017,"Dentists (per 10,000)",0.2
Rwanda,2015,"Dentists (per 10,000)",0.11
Rwanda,2009,"Dentists (per 10,000)",0.074
Rwanda,2008,"Dentists (per 10,000)",0.066
Saint Kitts and Nevis,2015,"Dentists (per 10,000)",3.91
Saint Kitts and Nevis,2001,"Dentists (per 10,000)",3.36
Saint Kitts and Nevis,1999,"Dentists (per 10,000)",3.21
Saint Kitts and Nevis,1998,"Dentists (per 10,000)",2.78
Saint Kitts and Nevis,1997,"Dentists (per 10,000)",2.33
Saint Kitts and Nevis,1996,"Dentists (per 10,000)",2.59
Saint Kitts and Nevis,1995,"Dentists (per 10,000)",2.61
Saint Kitts and Nevis,1994,"Dentists (per 10,000)",2.4
Saint Kitts and Nevis,1993,"Dentists (per 10,000)",2.19
Saint Kitts and Nevis,1992,"Dentists (per 10,000)",2.21
Saint Kitts and Nevis,1991,"Dentists (per 10,000)",1.73
Saint Kitts and Nevis,1990,"Dentists (per 10,000)",2.98
Saint Lucia,2017,"Dentists (per 10,000)",1.71
Saint Lucia,2014,"Dentists (per 10,000)",3.09
Saint Lucia,2013,"Dentists (per 10,000)",3.04
Saint Lucia,2012,"Dentists (per 10,000)",2.77
Saint Lucia,2011,"Dentists (per 10,000)",2.39
Saint Lucia,2010,"Dentists (per 10,000)",1.61
Saint Lucia,2009,"Dentists (per 10,000)",0.29
Saint Lucia,2008,"Dentists (per 10,000)",0.12
Saint Lucia,2007,"Dentists (per 10,000)",0.18
Saint Lucia,2004,"Dentists (per 10,000)",0.43
Saint Lucia,2003,"Dentists (per 10,000)",0.44
Saint Lucia,2002,"Dentists (per 10,000)",0.44
Saint Lucia,2001,"Dentists (per 10,000)",1.71
Saint Lucia,1999,"Dentists (per 10,000)",0.58
Saint Vincent and the Grenadines,2004,"Dentists (per 10,000)",1.2
Saint Vincent and the Grenadines,2001,"Dentists (per 10,000)",1.95
Saint Vincent and the Grenadines,2000,"Dentists (per 10,000)",0.46
Saint Vincent and the Grenadines,1997,"Dentists (per 10,000)",0.56
Samoa,2019,"Dentists (per 10,000)",1.07
Samoa,2016,"Dentists (per 10,000)",1.49
Samoa,2013,"Dentists (per 10,000)",0.63
Samoa,2010,"Dentists (per 10,000)",2.42
Samoa,2008,"Dentists (per 10,000)",0.93
Samoa,2003,"Dentists (per 10,000)",0.56
San Marino,2014,"Dentists (per 10,000)",6.69
Saudi Arabia,2018,"Dentists (per 10,000)",4.97
Saudi Arabia,2017,"Dentists (per 10,000)",4.21
Saudi Arabia,2016,"Dentists (per 10,000)",4.38
Saudi Arabia,2014,"Dentists (per 10,000)",3.98
Saudi Arabia,2001,"Dentists (per 10,000)",0.75
Senegal,2017,"Dentists (per 10,000)",0.078
Senegal,2016,"Dentists (per 10,000)",0.081
Senegal,2013,"Dentists (per 10,000)",0.039
Senegal,2008,"Dentists (per 10,000)",0.087
Senegal,2004,"Dentists (per 10,000)",0.065
Serbia,2015,"Dentists (per 10,000)",2.14
Serbia,2014,"Dentists (per 10,000)",2.6
Serbia,2013,"Dentists (per 10,000)",2.69
Serbia,2012,"Dentists (per 10,000)",2.75
Serbia,2011,"Dentists (per 10,000)",2.85
Serbia,2010,"Dentists (per 10,000)",2.81
Serbia,2009,"Dentists (per 10,000)",2.52
Seychelles,2019,"Dentists (per 10,000)",4.3
Seychelles,2016,"Dentists (per 10,000)",3.55
Seychelles,2012,"Dentists (per 10,000)",1.51
Seychelles,2011,"Dentists (per 10,000)",1.96
Seychelles,2010,"Dentists (per 10,000)",2.08
Seychelles,2009,"Dentists (per 10,000)",1.76
Seychelles,2008,"Dentists (per 10,000)",1.33
Seychelles,2007,"Dentists (per 10,000)",1.78
Seychelles,2006,"Dentists (per 10,000)",1.68
Seychelles,2005,"Dentists (per 10,000)",1.13
Seychelles,2004,"Dentists (per 10,000)",1.49
Sierra Leone,2016,"Dentists (per 10,000)",0.072
Sierra Leone,2010,"Dentists (per 10,000)",0.009
Sierra Leone,2008,"Dentists (per 10,000)",0.01
Sierra Leone,2004,"Dentists (per 10,000)",0.009
Singapore,2018,"Dentists (per 10,000)",4.1
Singapore,2016,"Dentists (per 10,000)",3.89
Singapore,2013,"Dentists (per 10,000)",3.31
Singapore,2012,"Dentists (per 10,000)",2.93
Singapore,2011,"Dentists (per 10,000)",2.81
Singapore,2010,"Dentists (per 10,000)",3.06
Singapore,2009,"Dentists (per 10,000)",2.95
Singapore,2008,"Dentists (per 10,000)",2.96
Singapore,2007,"Dentists (per 10,000)",2.96
Singapore,2006,"Dentists (per 10,000)",3.01
Singapore,2005,"Dentists (per 10,000)",2.99
Singapore,2004,"Dentists (per 10,000)",2.94
Singapore,2003,"Dentists (per 10,000)",2.88
Singapore,2001,"Dentists (per 10,000)",2.67
Singapore,1999,"Dentists (per 10,000)",2.38
Slovakia,2015,"Dentists (per 10,000)",4.87
Slovakia,2013,"Dentists (per 10,000)",4.77
Slovakia,2009,"Dentists (per 10,000)",4.88
Slovakia,2004,"Dentists (per 10,000)",4.33
Slovakia,2003,"Dentists (per 10,000)",4.33
Slovakia,2002,"Dentists (per 10,000)",4.33
Slovakia,2001,"Dentists (per 10,000)",4.39
Slovakia,2000,"Dentists (per 10,000)",4.42
Slovenia,2017,"Dentists (per 10,000)",7.01
Slovenia,2016,"Dentists (per 10,000)",6.85
Slovenia,2015,"Dentists (per 10,000)",6.72
Slovenia,2014,"Dentists (per 10,000)",6.6
Slovenia,2013,"Dentists (per 10,000)",6.48
Slovenia,2012,"Dentists (per 10,000)",6.3
Slovenia,2011,"Dentists (per 10,000)",6.24
Slovenia,2010,"Dentists (per 10,000)",6.16
Slovenia,2009,"Dentists (per 10,000)",6.08
Slovenia,2008,"Dentists (per 10,000)",6.01
Slovenia,2007,"Dentists (per 10,000)",6.13
Slovenia,2006,"Dentists (per 10,000)",6
Slovenia,2005,"Dentists (per 10,000)",6.01
Slovenia,2004,"Dentists (per 10,000)",5.99
Slovenia,2003,"Dentists (per 10,000)",6.05
Slovenia,2002,"Dentists (per 10,000)",6.03
Slovenia,2001,"Dentists (per 10,000)",5.93
Slovenia,2000,"Dentists (per 10,000)",5.83
Slovenia,1999,"Dentists (per 10,000)",5.84
Slovenia,1998,"Dentists (per 10,000)",5.89
Solomon Islands,2016,"Dentists (per 10,000)",0.47
Solomon Islands,2013,"Dentists (per 10,000)",0.47
Solomon Islands,2012,"Dentists (per 10,000)",0.4
Solomon Islands,2011,"Dentists (per 10,000)",0.67
Solomon Islands,2005,"Dentists (per 10,000)",1.11
Solomon Islands,1999,"Dentists (per 10,000)",0.65
South Africa,2016,"Dentists (per 10,000)",1.13
South Africa,2015,"Dentists (per 10,000)",1.08
South Africa,2014,"Dentists (per 10,000)",1.07
South Africa,2013,"Dentists (per 10,000)",1.08
South Africa,2012,"Dentists (per 10,000)",1.05
South Africa,2011,"Dentists (per 10,000)",1.04
South Africa,2010,"Dentists (per 10,000)",1.03
South Africa,2004,"Dentists (per 10,000)",1.18
South Sudan,2018,"Dentists (per 10,000)",0.003
Spain,2017,"Dentists (per 10,000)",7.87
Spain,2016,"Dentists (per 10,000)",7.66
Spain,2015,"Dentists (per 10,000)",7.42
Spain,2014,"Dentists (per 10,000)",7.12
Spain,2013,"Dentists (per 10,000)",6.91
Spain,2012,"Dentists (per 10,000)",6.63
Spain,2011,"Dentists (per 10,000)",6.17
Spain,2010,"Dentists (per 10,000)",5.93
Spain,2009,"Dentists (per 10,000)",5.74
Spain,2008,"Dentists (per 10,000)",5.58
Spain,2007,"Dentists (per 10,000)",5.4
Spain,2006,"Dentists (per 10,000)",5.21
Spain,2005,"Dentists (per 10,000)",5.03
Spain,2004,"Dentists (per 10,000)",4.86
Spain,2003,"Dentists (per 10,000)",4.7
Spain,2002,"Dentists (per 10,000)",4.6
Spain,2001,"Dentists (per 10,000)",4.48
Spain,2000,"Dentists (per 10,000)",4.3
Spain,1999,"Dentists (per 10,000)",4.18
Spain,1998,"Dentists (per 10,000)",4.01
Spain,1997,"Dentists (per 10,000)",3.82
Spain,1996,"Dentists (per 10,000)",3.73
Spain,1995,"Dentists (per 10,000)",3.52
Spain,1994,"Dentists (per 10,000)",3.34
Spain,1993,"Dentists (per 10,000)",3.1
Spain,1992,"Dentists (per 10,000)",3
Spain,1991,"Dentists (per 10,000)",2.86
Spain,1990,"Dentists (per 10,000)",2.64
Sri Lanka,2018,"Dentists (per 10,000)",0.65
Sri Lanka,2017,"Dentists (per 10,000)",0.7
Sri Lanka,2016,"Dentists (per 10,000)",0.69
Sri Lanka,2015,"Dentists (per 10,000)",0.65
Sri Lanka,2014,"Dentists (per 10,000)",0.65
Sri Lanka,2013,"Dentists (per 10,000)",0.62
Sri Lanka,2012,"Dentists (per 10,000)",0.6
Sri Lanka,2011,"Dentists (per 10,000)",0.56
Sri Lanka,2010,"Dentists (per 10,000)",0.52
Sri Lanka,2009,"Dentists (per 10,000)",0.43
Sri Lanka,2008,"Dentists (per 10,000)",0.66
Sri Lanka,2007,"Dentists (per 10,000)",0.66
Sri Lanka,2006,"Dentists (per 10,000)",0.6
Sri Lanka,2005,"Dentists (per 10,000)",0.49
Sri Lanka,2004,"Dentists (per 10,000)",0.4
Sri Lanka,2002,"Dentists (per 10,000)",0.39
Sri Lanka,2000,"Dentists (per 10,000)",0.34
Sri Lanka,1999,"Dentists (per 10,000)",0.28
Sri Lanka,1998,"Dentists (per 10,000)",0.26
Sri Lanka,1997,"Dentists (per 10,000)",0.25
Sri Lanka,1996,"Dentists (per 10,000)",0.23
Sri Lanka,1995,"Dentists (per 10,000)",0.21
Sri Lanka,1993,"Dentists (per 10,000)",0.22
Sri Lanka,1992,"Dentists (per 10,000)",0.2
Sri Lanka,1991,"Dentists (per 10,000)",0.18
Sri Lanka,1990,"Dentists (per 10,000)",0.21
Sudan,2015,"Dentists (per 10,000)",2.09
Sudan (until 2011),2008,"Dentists (per 10,000)",0.23
Sudan (until 2011),2007,"Dentists (per 10,000)",0.23
Sudan (until 2011),2006,"Dentists (per 10,000)",0.3
Sudan (until 2011),2004,"Dentists (per 10,000)",0.23
Suriname,2009,"Dentists (per 10,000)",0.48
Suriname,2004,"Dentists (per 10,000)",0.85
Suriname,2000,"Dentists (per 10,000)",0.085
Sweden,2016,"Dentists (per 10,000)",8.21
Sweden,2015,"Dentists (per 10,000)",8
Sweden,2014,"Dentists (per 10,000)",7.96
Sweden,2013,"Dentists (per 10,000)",7.97
Sweden,2012,"Dentists (per 10,000)",8.01
Sweden,2011,"Dentists (per 10,000)",7.99
Sweden,2010,"Dentists (per 10,000)",7.93
Sweden,2009,"Dentists (per 10,000)",7.9
Sweden,2008,"Dentists (per 10,000)",7.97
Sweden,2007,"Dentists (per 10,000)",8.12
Sweden,2006,"Dentists (per 10,000)",8.15
Sweden,2005,"Dentists (per 10,000)",8.11
Sweden,2004,"Dentists (per 10,000)",8.18
Sweden,2003,"Dentists (per 10,000)",8.06
Sweden,2002,"Dentists (per 10,000)",8.09
Sweden,2001,"Dentists (per 10,000)",8.02
Sweden,2000,"Dentists (per 10,000)",7.97
Sweden,1999,"Dentists (per 10,000)",8.06
Sweden,1998,"Dentists (per 10,000)",8.07
Sweden,1997,"Dentists (per 10,000)",8.06
Sweden,1996,"Dentists (per 10,000)",8.3
Sweden,1995,"Dentists (per 10,000)",8.54
Switzerland,2016,"Dentists (per 10,000)",5.03
Switzerland,2015,"Dentists (per 10,000)",5.06
Switzerland,2014,"Dentists (per 10,000)",5.09
Switzerland,2013,"Dentists (per 10,000)",5.19
Switzerland,2012,"Dentists (per 10,000)",5.22
Switzerland,2011,"Dentists (per 10,000)",5.21
Switzerland,2010,"Dentists (per 10,000)",5.26
Switzerland,2009,"Dentists (per 10,000)",5.22
Switzerland,2008,"Dentists (per 10,000)",5.23
Switzerland,2007,"Dentists (per 10,000)",5.22
Switzerland,2006,"Dentists (per 10,000)",5.21
Switzerland,2005,"Dentists (per 10,000)",5.1
Switzerland,2004,"Dentists (per 10,000)",5.02
Switzerland,2003,"Dentists (per 10,000)",4.95
Switzerland,2002,"Dentists (per 10,000)",4.85
Switzerland,2001,"Dentists (per 10,000)",4.78
Switzerland,2000,"Dentists (per 10,000)",4.86
Switzerland,1999,"Dentists (per 10,000)",4.85
Switzerland,1998,"Dentists (per 10,000)",4.89
Switzerland,1997,"Dentists (per 10,000)",5.02
Switzerland,1996,"Dentists (per 10,000)",4.92
Switzerland,1995,"Dentists (per 10,000)",4.97
Switzerland,1994,"Dentists (per 10,000)",5.01
Switzerland,1993,"Dentists (per 10,000)",4.82
Switzerland,1992,"Dentists (per 10,000)",4.96
Switzerland,1991,"Dentists (per 10,000)",4.84
Switzerland,1990,"Dentists (per 10,000)",4.91
Syrian Arab Republic,2016,"Dentists (per 10,000)",7.18
Syrian Arab Republic,2014,"Dentists (per 10,000)",8.86
Syrian Arab Republic,2010,"Dentists (per 10,000)",7.48
Syrian Arab Republic,2009,"Dentists (per 10,000)",7.45
Syrian Arab Republic,2008,"Dentists (per 10,000)",7.83
Syrian Arab Republic,2007,"Dentists (per 10,000)",7.44
Syrian Arab Republic,2005,"Dentists (per 10,000)",8.56
Syrian Arab Republic,2004,"Dentists (per 10,000)",8.59
Syrian Arab Republic,2003,"Dentists (per 10,000)",8.57
Syrian Arab Republic,2002,"Dentists (per 10,000)",8.55
Syrian Arab Republic,2000,"Dentists (per 10,000)",6.8
Syrian Arab Republic,1999,"Dentists (per 10,000)",6.68
Syrian Arab Republic,1998,"Dentists (per 10,000)",6.71
Syrian Arab Republic,1997,"Dentists (per 10,000)",6.43
Tajikistan,2014,"Dentists (per 10,000)",1.56
Tajikistan,2013,"Dentists (per 10,000)",1.61
Tajikistan,2012,"Dentists (per 10,000)",1.54
Tajikistan,2011,"Dentists (per 10,000)",1.59
Tajikistan,2010,"Dentists (per 10,000)",1.64
Tajikistan,2009,"Dentists (per 10,000)",1.53
Tajikistan,2008,"Dentists (per 10,000)",1.48
Tajikistan,2007,"Dentists (per 10,000)",1.47
Tajikistan,2006,"Dentists (per 10,000)",1.43
Tajikistan,2005,"Dentists (per 10,000)",1.46
Tajikistan,2004,"Dentists (per 10,000)",1.46
Tajikistan,2003,"Dentists (per 10,000)",1.42
Tajikistan,2002,"Dentists (per 10,000)",1.49
Tajikistan,2001,"Dentists (per 10,000)",1.46
Tajikistan,2000,"Dentists (per 10,000)",1.48
Tajikistan,1999,"Dentists (per 10,000)",1.46
Tajikistan,1998,"Dentists (per 10,000)",1.89
Tajikistan,1997,"Dentists (per 10,000)",1.61
Tajikistan,1996,"Dentists (per 10,000)",1.64
Tajikistan,1995,"Dentists (per 10,000)",1.66
Tajikistan,1994,"Dentists (per 10,000)",1.63
Tajikistan,1993,"Dentists (per 10,000)",1.67
Tajikistan,1992,"Dentists (per 10,000)",1.59
Tajikistan,1991,"Dentists (per 10,000)",1.42
Tajikistan,1990,"Dentists (per 10,000)",1.5
Thailand,2019,"Dentists (per 10,000)",2.38
Thailand,2018,"Dentists (per 10,000)",2.32
Thailand,2017,"Dentists (per 10,000)",1.67
Thailand,2016,"Dentists (per 10,000)",1.62
Thailand,2010,"Dentists (per 10,000)",1.76
Thailand,2009,"Dentists (per 10,000)",1.48
Thailand,2008,"Dentists (per 10,000)",1.45
Thailand,2007,"Dentists (per 10,000)",1.41
Thailand,2006,"Dentists (per 10,000)",1.34
Thailand,2004,"Dentists (per 10,000)",0.64
Thailand,2002,"Dentists (per 10,000)",0.7
Thailand,2001,"Dentists (per 10,000)",0.68
Thailand,1999,"Dentists (per 10,000)",0.65
Thailand,1998,"Dentists (per 10,000)",0.64
Thailand,1997,"Dentists (per 10,000)",0.56
Thailand,1995,"Dentists (per 10,000)",0.49
Thailand,1993,"Dentists (per 10,000)",0.48
Thailand,1991,"Dentists (per 10,000)",0.42
Timor-Leste,2019,"Dentists (per 10,000)",0.077
Timor-Leste,2018,"Dentists (per 10,000)",0.063
Timor-Leste,2017,"Dentists (per 10,000)",0.68
Timor-Leste,2015,"Dentists (per 10,000)",0.15
Timor-Leste,2014,"Dentists (per 10,000)",0.15
Timor-Leste,2011,"Dentists (per 10,000)",0.063
Timor-Leste,2010,"Dentists (per 10,000)",0.064
Timor-Leste,2009,"Dentists (per 10,000)",0.056
Timor-Leste,2008,"Dentists (per 10,000)",0.019
Timor-Leste,2004,"Dentists (per 10,000)",0.021
Timor-Leste,2001,"Dentists (per 10,000)",0.011
Togo,2018,"Dentists (per 10,000)",0.008
Togo,2017,"Dentists (per 10,000)",0.074
Togo,2015,"Dentists (per 10,000)",0.025
Togo,2010,"Dentists (per 10,000)",0.1
Togo,2008,"Dentists (per 10,000)",0.025
Togo,2007,"Dentists (per 10,000)",0.025
Togo,2004,"Dentists (per 10,000)",0.033
Tonga,2019,"Dentists (per 10,000)",1.63
Tonga,2013,"Dentists (per 10,000)",1.18
Tonga,2010,"Dentists (per 10,000)",0.96
Tonga,2009,"Dentists (per 10,000)",1.06
Tonga,2003,"Dentists (per 10,000)",2.31
Tonga,2001,"Dentists (per 10,000)",3.35
Trinidad and Tobago,2019,"Dentists (per 10,000)",3.18
Trinidad and Tobago,2018,"Dentists (per 10,000)",3.55
Trinidad and Tobago,2017,"Dentists (per 10,000)",3.57
Trinidad and Tobago,2015,"Dentists (per 10,000)",3.57
Trinidad and Tobago,2011,"Dentists (per 10,000)",2.57
Trinidad and Tobago,2010,"Dentists (per 10,000)",2.58
Trinidad and Tobago,2009,"Dentists (per 10,000)",2.36
Trinidad and Tobago,2007,"Dentists (per 10,000)",2.25
Trinidad and Tobago,2006,"Dentists (per 10,000)",2.18
Trinidad and Tobago,2003,"Dentists (per 10,000)",1.94
Trinidad and Tobago,2002,"Dentists (per 10,000)",1.72
Trinidad and Tobago,2001,"Dentists (per 10,000)",1.71
Trinidad and Tobago,2000,"Dentists (per 10,000)",1.56
Trinidad and Tobago,1999,"Dentists (per 10,000)",1.5
Trinidad and Tobago,1998,"Dentists (per 10,000)",1.5
Trinidad and Tobago,1997,"Dentists (per 10,000)",1.27
Trinidad and Tobago,1996,"Dentists (per 10,000)",1.12
Trinidad and Tobago,1995,"Dentists (per 10,000)",1.07
Tunisia,2016,"Dentists (per 10,000)",3.06
Tunisia,2015,"Dentists (per 10,000)",3.13
Tunisia,2010,"Dentists (per 10,000)",2.94
Tunisia,2006,"Dentists (per 10,000)",1.82
Tunisia,2005,"Dentists (per 10,000)",1.83
Tunisia,2004,"Dentists (per 10,000)",2.1
Tunisia,2002,"Dentists (per 10,000)",1.41
Tunisia,2001,"Dentists (per 10,000)",1.41
Tunisia,2000,"Dentists (per 10,000)",1.36
Tunisia,1999,"Dentists (per 10,000)",1.35
Tunisia,1998,"Dentists (per 10,000)",1.34
Tunisia,1997,"Dentists (per 10,000)",1.28
Tunisia,1996,"Dentists (per 10,000)",1.2
Tunisia,1995,"Dentists (per 10,000)",1.14
Tunisia,1994,"Dentists (per 10,000)",1.12
Tunisia,1993,"Dentists (per 10,000)",1.14
Tunisia,1992,"Dentists (per 10,000)",1.13
Tunisia,1991,"Dentists (per 10,000)",0.96
Tunisia,1990,"Dentists (per 10,000)",0.98
Turkey,2017,"Dentists (per 10,000)",3.44
Turkey,2016,"Dentists (per 10,000)",3.34
Turkey,2015,"Dentists (per 10,000)",3.16
Turkey,2014,"Dentists (per 10,000)",2.98
Turkey,2013,"Dentists (per 10,000)",2.94
Turkey,2012,"Dentists (per 10,000)",2.87
Turkey,2011,"Dentists (per 10,000)",2.87
Turkey,2010,"Dentists (per 10,000)",2.96
Turkey,2009,"Dentists (per 10,000)",2.89
Turkey,2008,"Dentists (per 10,000)",2.83
Turkey,2007,"Dentists (per 10,000)",2.77
Turkey,2006,"Dentists (per 10,000)",2.67
Turkey,2005,"Dentists (per 10,000)",2.67
Turkey,2004,"Dentists (per 10,000)",2.67
Turkey,2003,"Dentists (per 10,000)",2.69
Turkey,2002,"Dentists (per 10,000)",2.51
Turkey,2001,"Dentists (per 10,000)",2.5
Turkey,2000,"Dentists (per 10,000)",2.52
Turkey,1999,"Dentists (per 10,000)",2.28
Turkey,1998,"Dentists (per 10,000)",2.19
Turkey,1997,"Dentists (per 10,000)",2.11
Turkey,1996,"Dentists (per 10,000)",2.09
Turkey,1995,"Dentists (per 10,000)",2
Turkey,1994,"Dentists (per 10,000)",1.99
Turkey,1993,"Dentists (per 10,000)",1.95
Turkey,1992,"Dentists (per 10,000)",1.92
Turkey,1991,"Dentists (per 10,000)",1.94
Turkey,1990,"Dentists (per 10,000)",1.95
Turkmenistan,2014,"Dentists (per 10,000)",1.15
Turkmenistan,2013,"Dentists (per 10,000)",1.14
Turkmenistan,2012,"Dentists (per 10,000)",1.17
Turkmenistan,2011,"Dentists (per 10,000)",1.17
Turkmenistan,2010,"Dentists (per 10,000)",1.15
Turkmenistan,2009,"Dentists (per 10,000)",1.4
Turkmenistan,2008,"Dentists (per 10,000)",1.41
Turkmenistan,2007,"Dentists (per 10,000)",1.44
Turkmenistan,2006,"Dentists (per 10,000)",1.46
Turkmenistan,2005,"Dentists (per 10,000)",1.59
Turkmenistan,2004,"Dentists (per 10,000)",1.64
Turkmenistan,2003,"Dentists (per 10,000)",2.11
Turkmenistan,2002,"Dentists (per 10,000)",2.16
Turkmenistan,2001,"Dentists (per 10,000)",2.3
Turkmenistan,2000,"Dentists (per 10,000)",2.41
Turkmenistan,1999,"Dentists (per 10,000)",1.79
Turkmenistan,1998,"Dentists (per 10,000)",1.79
Uganda,2019,"Dentists (per 10,000)",0.07
Uganda,2015,"Dentists (per 10,000)",0.072
Uganda,2005,"Dentists (per 10,000)",0.035
Uganda,2004,"Dentists (per 10,000)",0.044
Ukraine,2014,"Dentists (per 10,000)",5.98
Ukraine,2013,"Dentists (per 10,000)",6.83
Ukraine,2012,"Dentists (per 10,000)",6.75
Ukraine,2011,"Dentists (per 10,000)",6.63
Ukraine,2010,"Dentists (per 10,000)",6.58
Ukraine,2009,"Dentists (per 10,000)",6.46
Ukraine,2008,"Dentists (per 10,000)",4.6
Ukraine,2007,"Dentists (per 10,000)",4.61
Ukraine,2006,"Dentists (per 10,000)",4.6
Ukraine,2005,"Dentists (per 10,000)",4.63
Ukraine,2004,"Dentists (per 10,000)",4.59
Ukraine,2003,"Dentists (per 10,000)",4.59
Ukraine,2002,"Dentists (per 10,000)",4.57
Ukraine,2001,"Dentists (per 10,000)",4.54
Ukraine,2000,"Dentists (per 10,000)",4.58
United Arab Emirates,2018,"Dentists (per 10,000)",6.51
United Arab Emirates,2017,"Dentists (per 10,000)",5.91
United Arab Emirates,2016,"Dentists (per 10,000)",5.52
United Arab Emirates,2015,"Dentists (per 10,000)",5.31
United Arab Emirates,2014,"Dentists (per 10,000)",4.35
United Arab Emirates,2013,"Dentists (per 10,000)",3.46
United Arab Emirates,2012,"Dentists (per 10,000)",3.44
United Arab Emirates,2011,"Dentists (per 10,000)",3.35
United Arab Emirates,2010,"Dentists (per 10,000)",3.6
United Arab Emirates,2009,"Dentists (per 10,000)",3.63
United Arab Emirates,2008,"Dentists (per 10,000)",3
United Arab Emirates,2007,"Dentists (per 10,000)",3.11
United Arab Emirates,2006,"Dentists (per 10,000)",2.56
United Arab Emirates,2005,"Dentists (per 10,000)",3.08
United Arab Emirates,2004,"Dentists (per 10,000)",3.65
United Arab Emirates,2003,"Dentists (per 10,000)",3.43
United Arab Emirates,2002,"Dentists (per 10,000)",3.31
United Arab Emirates,2001,"Dentists (per 10,000)",3.16
United Arab Emirates,2000,"Dentists (per 10,000)",2.56
United Kingdom of Great Britain and Northern Ireland,2018,"Dentists (per 10,000)",5.21
United Kingdom of Great Britain and Northern Ireland,2017,"Dentists (per 10,000)",5.21
United Kingdom of Great Britain and Northern Ireland,2016,"Dentists (per 10,000)",5.26
United Kingdom of Great Britain and Northern Ireland,2015,"Dentists (per 10,000)",5.26
United Kingdom of Great Britain and Northern Ireland,2014,"Dentists (per 10,000)",5.25
United Kingdom of Great Britain and Northern Ireland,2013,"Dentists (per 10,000)",5.18
United Kingdom of Great Britain and Northern Ireland,2012,"Dentists (per 10,000)",5.16
United Kingdom of Great Britain and Northern Ireland,2011,"Dentists (per 10,000)",5.19
United Kingdom of Great Britain and Northern Ireland,2010,"Dentists (per 10,000)",5.09
United Kingdom of Great Britain and Northern Ireland,2009,"Dentists (per 10,000)",5
United Kingdom of Great Britain and Northern Ireland,2008,"Dentists (per 10,000)",4.93
United Kingdom of Great Britain and Northern Ireland,2007,"Dentists (per 10,000)",4.79
United Kingdom of Great Britain and Northern Ireland,1997,"Dentists (per 10,000)",4.49
United Republic of Tanzania,2018,"Dentists (per 10,000)",0.075
United Republic of Tanzania,2014,"Dentists (per 10,000)",0.021
United Republic of Tanzania,2012,"Dentists (per 10,000)",0.021
United Republic of Tanzania,2006,"Dentists (per 10,000)",0.011
United Republic of Tanzania,2002,"Dentists (per 10,000)",0.042
United States of America,2010,"Dentists (per 10,000)",5.78
United States of America,2005,"Dentists (per 10,000)",6.08
United States of America,2000,"Dentists (per 10,000)",4.77
Uruguay,2017,"Dentists (per 10,000)",14.88
Uruguay,2016,"Dentists (per 10,000)",12.19
Uruguay,2008,"Dentists (per 10,000)",7.41
Uruguay,2002,"Dentists (per 10,000)",11.83
Uzbekistan,2014,"Dentists (per 10,000)",1.49
Uzbekistan,2013,"Dentists (per 10,000)",1.59
Uzbekistan,2012,"Dentists (per 10,000)",1.6
Uzbekistan,2011,"Dentists (per 10,000)",1.68
Uzbekistan,2010,"Dentists (per 10,000)",1.65
Uzbekistan,2009,"Dentists (per 10,000)",1.59
Uzbekistan,2008,"Dentists (per 10,000)",1.63
Uzbekistan,2007,"Dentists (per 10,000)",1.75
Uzbekistan,2006,"Dentists (per 10,000)",1.79
Uzbekistan,2005,"Dentists (per 10,000)",1.97
Uzbekistan,2004,"Dentists (per 10,000)",2.02
Uzbekistan,2003,"Dentists (per 10,000)",2.09
Uzbekistan,2002,"Dentists (per 10,000)",2.11
Uzbekistan,2001,"Dentists (per 10,000)",2.1
Uzbekistan,2000,"Dentists (per 10,000)",2.06
Uzbekistan,1999,"Dentists (per 10,000)",2.21
Uzbekistan,1998,"Dentists (per 10,000)",2.44
Uzbekistan,1997,"Dentists (per 10,000)",2.48
Vanuatu,2019,"Dentists (per 10,000)",0.3
Vanuatu,2012,"Dentists (per 10,000)",0.68
Vanuatu,2008,"Dentists (per 10,000)",0.13
Venezuela (Bolivarian Republic of),2001,"Dentists (per 10,000)",5.55
Yemen,2014,"Dentists (per 10,000)",0.21
Yemen,2010,"Dentists (per 10,000)",0.25
Yemen,2004,"Dentists (per 10,000)",0.25
Yemen,1997,"Dentists (per 10,000)",0.16
Zambia,2018,"Dentists (per 10,000)",0.012
Zambia,2016,"Dentists (per 10,000)",0.19
Zambia,2012,"Dentists (per 10,000)",0.053
Zambia,2011,"Dentists (per 10,000)",0.052
Zambia,2010,"Dentists (per 10,000)",0.18
Zambia,2009,"Dentists (per 10,000)",0.18
Zambia,2004,"Dentists (per 10,000)",0.23
Zimbabwe,2018,"Dentists (per 10,000)",0.072
Zimbabwe,2017,"Dentists (per 10,000)",0.077
Zimbabwe,2016,"Dentists (per 10,000)",0.097
Zimbabwe,2015,"Dentists (per 10,000)",0.048
Zimbabwe,2014,"Dentists (per 10,000)",0.079
Zimbabwe,2013,"Dentists (per 10,000)",0.18
Zimbabwe,2012,"Dentists (per 10,000)",0.18
Zimbabwe,2011,"Dentists (per 10,000)",0.2
Zimbabwe,2010,"Dentists (per 10,000)",0.035
Zimbabwe,2009,"Dentists (per 10,000)",0.15
Zimbabwe,2008,"Dentists (per 10,000)",0.15
Zimbabwe,2007,"Dentists (per 10,000)",0.16
Zimbabwe,1995,"Dentists (per 10,000)",0.13
Zimbabwe,1990,"Dentists (per 10,000)",0.13
