Location,Period,Indicator,Dim1,First Tooltip
Afghanistan,2016,Mortality rate attributed to exposure to unsafe WASH services (per 100 000 population) (SDG 3.9.2),Both sexes,13.92
Afghanistan,2016,Mortality rate attributed to exposure to unsafe WASH services (per 100 000 population) (SDG 3.9.2),Male,12.61
Afghanistan,2016,Mortality rate attributed to exposure to unsafe WASH services (per 100 000 population) (SDG 3.9.2),Female,15.31
Albania,2016,Mortality rate attributed to exposure to unsafe WASH services (per 100 000 population) (SDG 3.9.2),Both sexes,0.17
Albania,2016,Mortality rate attributed to exposure to unsafe WASH services (per 100 000 population) (SDG 3.9.2),Male,0.21
Albania,2016,Mortality rate attributed to exposure to unsafe WASH services (per 100 000 population) (SDG 3.9.2),Female,0.13
Algeria,2016,Mortality rate attributed to exposure to unsafe WASH services (per 100 000 population) (SDG 3.9.2),Both sexes,1.87
Algeria,2016,Mortality rate attributed to exposure to unsafe WASH services (per 100 000 population) (SDG 3.9.2),Male,1.73
Algeria,2016,Mortality rate attributed to exposure to unsafe WASH services (per 100 000 population) (SDG 3.9.2),Female,2.01
Angola,2016,Mortality rate attributed to exposure to unsafe WASH services (per 100 000 population) (SDG 3.9.2),Both sexes,48.81
Angola,2016,Mortality rate attributed to exposure to unsafe WASH services (per 100 000 population) (SDG 3.9.2),Male,52.63
Angola,2016,Mortality rate attributed to exposure to unsafe WASH services (per 100 000 population) (SDG 3.9.2),Female,45.15
Antigua and Barbuda,2016,Mortality rate attributed to exposure to unsafe WASH services (per 100 000 population) (SDG 3.9.2),Both sexes,0.11
Antigua and Barbuda,2016,Mortality rate attributed to exposure to unsafe WASH services (per 100 000 population) (SDG 3.9.2),Male,0.12
Antigua and Barbuda,2016,Mortality rate attributed to exposure to unsafe WASH services (per 100 000 population) (SDG 3.9.2),Female,0.1
Argentina,2016,Mortality rate attributed to exposure to unsafe WASH services (per 100 000 population) (SDG 3.9.2),Both sexes,0.36
Argentina,2016,Mortality rate attributed to exposure to unsafe WASH services (per 100 000 population) (SDG 3.9.2),Male,0.32
Argentina,2016,Mortality rate attributed to exposure to unsafe WASH services (per 100 000 population) (SDG 3.9.2),Female,0.4
Armenia,2016,Mortality rate attributed to exposure to unsafe WASH services (per 100 000 population) (SDG 3.9.2),Both sexes,0.18
Armenia,2016,Mortality rate attributed to exposure to unsafe WASH services (per 100 000 population) (SDG 3.9.2),Male,0.19
Armenia,2016,Mortality rate attributed to exposure to unsafe WASH services (per 100 000 population) (SDG 3.9.2),Female,0.16
Australia,2016,Mortality rate attributed to exposure to unsafe WASH services (per 100 000 population) (SDG 3.9.2),Both sexes,0.095
Australia,2016,Mortality rate attributed to exposure to unsafe WASH services (per 100 000 population) (SDG 3.9.2),Male,0.071
Australia,2016,Mortality rate attributed to exposure to unsafe WASH services (per 100 000 population) (SDG 3.9.2),Female,0.12
Austria,2016,Mortality rate attributed to exposure to unsafe WASH services (per 100 000 population) (SDG 3.9.2),Both sexes,0.12
Austria,2016,Mortality rate attributed to exposure to unsafe WASH services (per 100 000 population) (SDG 3.9.2),Male,0.095
Austria,2016,Mortality rate attributed to exposure to unsafe WASH services (per 100 000 population) (SDG 3.9.2),Female,0.15
Azerbaijan,2016,Mortality rate attributed to exposure to unsafe WASH services (per 100 000 population) (SDG 3.9.2),Both sexes,1.12
Azerbaijan,2016,Mortality rate attributed to exposure to unsafe WASH services (per 100 000 population) (SDG 3.9.2),Male,1.29
Azerbaijan,2016,Mortality rate attributed to exposure to unsafe WASH services (per 100 000 population) (SDG 3.9.2),Female,0.96
Bahamas,2016,Mortality rate attributed to exposure to unsafe WASH services (per 100 000 population) (SDG 3.9.2),Both sexes,0.069
Bahamas,2016,Mortality rate attributed to exposure to unsafe WASH services (per 100 000 population) (SDG 3.9.2),Male,0.07
Bahamas,2016,Mortality rate attributed to exposure to unsafe WASH services (per 100 000 population) (SDG 3.9.2),Female,0.067
Bahrain,2016,Mortality rate attributed to exposure to unsafe WASH services (per 100 000 population) (SDG 3.9.2),Both sexes,0.04
Bahrain,2016,Mortality rate attributed to exposure to unsafe WASH services (per 100 000 population) (SDG 3.9.2),Male,0.034
Bahrain,2016,Mortality rate attributed to exposure to unsafe WASH services (per 100 000 population) (SDG 3.9.2),Female,0.048
Bangladesh,2016,Mortality rate attributed to exposure to unsafe WASH services (per 100 000 population) (SDG 3.9.2),Both sexes,11.94
Bangladesh,2016,Mortality rate attributed to exposure to unsafe WASH services (per 100 000 population) (SDG 3.9.2),Male,10.09
Bangladesh,2016,Mortality rate attributed to exposure to unsafe WASH services (per 100 000 population) (SDG 3.9.2),Female,13.83
Barbados,2016,Mortality rate attributed to exposure to unsafe WASH services (per 100 000 population) (SDG 3.9.2),Both sexes,0.16
Barbados,2016,Mortality rate attributed to exposure to unsafe WASH services (per 100 000 population) (SDG 3.9.2),Male,0.093
Barbados,2016,Mortality rate attributed to exposure to unsafe WASH services (per 100 000 population) (SDG 3.9.2),Female,0.23
Belarus,2016,Mortality rate attributed to exposure to unsafe WASH services (per 100 000 population) (SDG 3.9.2),Both sexes,0.052
Belarus,2016,Mortality rate attributed to exposure to unsafe WASH services (per 100 000 population) (SDG 3.9.2),Male,0.05
Belarus,2016,Mortality rate attributed to exposure to unsafe WASH services (per 100 000 population) (SDG 3.9.2),Female,0.053
Belgium,2016,Mortality rate attributed to exposure to unsafe WASH services (per 100 000 population) (SDG 3.9.2),Both sexes,0.28
Belgium,2016,Mortality rate attributed to exposure to unsafe WASH services (per 100 000 population) (SDG 3.9.2),Male,0.21
Belgium,2016,Mortality rate attributed to exposure to unsafe WASH services (per 100 000 population) (SDG 3.9.2),Female,0.35
Belize,2016,Mortality rate attributed to exposure to unsafe WASH services (per 100 000 population) (SDG 3.9.2),Both sexes,0.97
Belize,2016,Mortality rate attributed to exposure to unsafe WASH services (per 100 000 population) (SDG 3.9.2),Male,1.04
Belize,2016,Mortality rate attributed to exposure to unsafe WASH services (per 100 000 population) (SDG 3.9.2),Female,0.89
Benin,2016,Mortality rate attributed to exposure to unsafe WASH services (per 100 000 population) (SDG 3.9.2),Both sexes,59.73
Benin,2016,Mortality rate attributed to exposure to unsafe WASH services (per 100 000 population) (SDG 3.9.2),Male,65.13
Benin,2016,Mortality rate attributed to exposure to unsafe WASH services (per 100 000 population) (SDG 3.9.2),Female,54.36
Bhutan,2016,Mortality rate attributed to exposure to unsafe WASH services (per 100 000 population) (SDG 3.9.2),Both sexes,3.95
Bhutan,2016,Mortality rate attributed to exposure to unsafe WASH services (per 100 000 population) (SDG 3.9.2),Male,3.4
Bhutan,2016,Mortality rate attributed to exposure to unsafe WASH services (per 100 000 population) (SDG 3.9.2),Female,4.57
Bolivia (Plurinational State of),2016,Mortality rate attributed to exposure to unsafe WASH services (per 100 000 population) (SDG 3.9.2),Both sexes,5.58
Bolivia (Plurinational State of),2016,Mortality rate attributed to exposure to unsafe WASH services (per 100 000 population) (SDG 3.9.2),Male,6.23
Bolivia (Plurinational State of),2016,Mortality rate attributed to exposure to unsafe WASH services (per 100 000 population) (SDG 3.9.2),Female,4.93
Bosnia and Herzegovina,2016,Mortality rate attributed to exposure to unsafe WASH services (per 100 000 population) (SDG 3.9.2),Both sexes,0.079
Bosnia and Herzegovina,2016,Mortality rate attributed to exposure to unsafe WASH services (per 100 000 population) (SDG 3.9.2),Male,0.076
Bosnia and Herzegovina,2016,Mortality rate attributed to exposure to unsafe WASH services (per 100 000 population) (SDG 3.9.2),Female,0.081
Botswana,2016,Mortality rate attributed to exposure to unsafe WASH services (per 100 000 population) (SDG 3.9.2),Both sexes,11.77
Botswana,2016,Mortality rate attributed to exposure to unsafe WASH services (per 100 000 population) (SDG 3.9.2),Male,11.2
Botswana,2016,Mortality rate attributed to exposure to unsafe WASH services (per 100 000 population) (SDG 3.9.2),Female,12.32
Brazil,2016,Mortality rate attributed to exposure to unsafe WASH services (per 100 000 population) (SDG 3.9.2),Both sexes,1.05
Brazil,2016,Mortality rate attributed to exposure to unsafe WASH services (per 100 000 population) (SDG 3.9.2),Male,0.97
Brazil,2016,Mortality rate attributed to exposure to unsafe WASH services (per 100 000 population) (SDG 3.9.2),Female,1.12
Brunei Darussalam,2016,Mortality rate attributed to exposure to unsafe WASH services (per 100 000 population) (SDG 3.9.2),Both sexes,0.045
Brunei Darussalam,2016,Mortality rate attributed to exposure to unsafe WASH services (per 100 000 population) (SDG 3.9.2),Male,0.046
Brunei Darussalam,2016,Mortality rate attributed to exposure to unsafe WASH services (per 100 000 population) (SDG 3.9.2),Female,0.044
Bulgaria,2016,Mortality rate attributed to exposure to unsafe WASH services (per 100 000 population) (SDG 3.9.2),Both sexes,0.13
Bulgaria,2016,Mortality rate attributed to exposure to unsafe WASH services (per 100 000 population) (SDG 3.9.2),Male,0.12
Bulgaria,2016,Mortality rate attributed to exposure to unsafe WASH services (per 100 000 population) (SDG 3.9.2),Female,0.14
Burkina Faso,2016,Mortality rate attributed to exposure to unsafe WASH services (per 100 000 population) (SDG 3.9.2),Both sexes,49.64
Burkina Faso,2016,Mortality rate attributed to exposure to unsafe WASH services (per 100 000 population) (SDG 3.9.2),Male,45.52
Burkina Faso,2016,Mortality rate attributed to exposure to unsafe WASH services (per 100 000 population) (SDG 3.9.2),Female,53.74
Burundi,2016,Mortality rate attributed to exposure to unsafe WASH services (per 100 000 population) (SDG 3.9.2),Both sexes,65.4
Burundi,2016,Mortality rate attributed to exposure to unsafe WASH services (per 100 000 population) (SDG 3.9.2),Male,63.99
Burundi,2016,Mortality rate attributed to exposure to unsafe WASH services (per 100 000 population) (SDG 3.9.2),Female,66.77
Cabo Verde,2016,Mortality rate attributed to exposure to unsafe WASH services (per 100 000 population) (SDG 3.9.2),Both sexes,4.14
Cabo Verde,2016,Mortality rate attributed to exposure to unsafe WASH services (per 100 000 population) (SDG 3.9.2),Male,4.32
Cabo Verde,2016,Mortality rate attributed to exposure to unsafe WASH services (per 100 000 population) (SDG 3.9.2),Female,3.96
Cambodia,2016,Mortality rate attributed to exposure to unsafe WASH services (per 100 000 population) (SDG 3.9.2),Both sexes,6.47
Cambodia,2016,Mortality rate attributed to exposure to unsafe WASH services (per 100 000 population) (SDG 3.9.2),Male,6.62
Cambodia,2016,Mortality rate attributed to exposure to unsafe WASH services (per 100 000 population) (SDG 3.9.2),Female,6.33
Cameroon,2016,Mortality rate attributed to exposure to unsafe WASH services (per 100 000 population) (SDG 3.9.2),Both sexes,45.15
Cameroon,2016,Mortality rate attributed to exposure to unsafe WASH services (per 100 000 population) (SDG 3.9.2),Male,46.17
Cameroon,2016,Mortality rate attributed to exposure to unsafe WASH services (per 100 000 population) (SDG 3.9.2),Female,44.14
Canada,2016,Mortality rate attributed to exposure to unsafe WASH services (per 100 000 population) (SDG 3.9.2),Both sexes,0.37
Canada,2016,Mortality rate attributed to exposure to unsafe WASH services (per 100 000 population) (SDG 3.9.2),Male,0.29
Canada,2016,Mortality rate attributed to exposure to unsafe WASH services (per 100 000 population) (SDG 3.9.2),Female,0.45
Central African Republic,2016,Mortality rate attributed to exposure to unsafe WASH services (per 100 000 population) (SDG 3.9.2),Both sexes,82.11
Central African Republic,2016,Mortality rate attributed to exposure to unsafe WASH services (per 100 000 population) (SDG 3.9.2),Male,89.69
Central African Republic,2016,Mortality rate attributed to exposure to unsafe WASH services (per 100 000 population) (SDG 3.9.2),Female,74.74
Chad,2016,Mortality rate attributed to exposure to unsafe WASH services (per 100 000 population) (SDG 3.9.2),Both sexes,101
Chad,2016,Mortality rate attributed to exposure to unsafe WASH services (per 100 000 population) (SDG 3.9.2),Male,107
Chad,2016,Mortality rate attributed to exposure to unsafe WASH services (per 100 000 population) (SDG 3.9.2),Female,95.03
Chile,2016,Mortality rate attributed to exposure to unsafe WASH services (per 100 000 population) (SDG 3.9.2),Both sexes,0.2
Chile,2016,Mortality rate attributed to exposure to unsafe WASH services (per 100 000 population) (SDG 3.9.2),Male,0.17
Chile,2016,Mortality rate attributed to exposure to unsafe WASH services (per 100 000 population) (SDG 3.9.2),Female,0.23
China,2016,Mortality rate attributed to exposure to unsafe WASH services (per 100 000 population) (SDG 3.9.2),Both sexes,0.58
China,2016,Mortality rate attributed to exposure to unsafe WASH services (per 100 000 population) (SDG 3.9.2),Male,0.5
China,2016,Mortality rate attributed to exposure to unsafe WASH services (per 100 000 population) (SDG 3.9.2),Female,0.66
Colombia,2016,Mortality rate attributed to exposure to unsafe WASH services (per 100 000 population) (SDG 3.9.2),Both sexes,0.75
Colombia,2016,Mortality rate attributed to exposure to unsafe WASH services (per 100 000 population) (SDG 3.9.2),Male,0.73
Colombia,2016,Mortality rate attributed to exposure to unsafe WASH services (per 100 000 population) (SDG 3.9.2),Female,0.77
Comoros,2016,Mortality rate attributed to exposure to unsafe WASH services (per 100 000 population) (SDG 3.9.2),Both sexes,50.74
Comoros,2016,Mortality rate attributed to exposure to unsafe WASH services (per 100 000 population) (SDG 3.9.2),Male,51.13
Comoros,2016,Mortality rate attributed to exposure to unsafe WASH services (per 100 000 population) (SDG 3.9.2),Female,50.34
Congo,2016,Mortality rate attributed to exposure to unsafe WASH services (per 100 000 population) (SDG 3.9.2),Both sexes,38.71
Congo,2016,Mortality rate attributed to exposure to unsafe WASH services (per 100 000 population) (SDG 3.9.2),Male,43.52
Congo,2016,Mortality rate attributed to exposure to unsafe WASH services (per 100 000 population) (SDG 3.9.2),Female,33.89
Costa Rica,2016,Mortality rate attributed to exposure to unsafe WASH services (per 100 000 population) (SDG 3.9.2),Both sexes,0.86
Costa Rica,2016,Mortality rate attributed to exposure to unsafe WASH services (per 100 000 population) (SDG 3.9.2),Male,0.7
Costa Rica,2016,Mortality rate attributed to exposure to unsafe WASH services (per 100 000 population) (SDG 3.9.2),Female,1.03
Côte d’Ivoire,2016,Mortality rate attributed to exposure to unsafe WASH services (per 100 000 population) (SDG 3.9.2),Both sexes,47.16
Côte d’Ivoire,2016,Mortality rate attributed to exposure to unsafe WASH services (per 100 000 population) (SDG 3.9.2),Male,49.51
Côte d’Ivoire,2016,Mortality rate attributed to exposure to unsafe WASH services (per 100 000 population) (SDG 3.9.2),Female,44.74
Croatia,2016,Mortality rate attributed to exposure to unsafe WASH services (per 100 000 population) (SDG 3.9.2),Both sexes,0.11
Croatia,2016,Mortality rate attributed to exposure to unsafe WASH services (per 100 000 population) (SDG 3.9.2),Male,0.08
Croatia,2016,Mortality rate attributed to exposure to unsafe WASH services (per 100 000 population) (SDG 3.9.2),Female,0.14
Cuba,2016,Mortality rate attributed to exposure to unsafe WASH services (per 100 000 population) (SDG 3.9.2),Both sexes,1.03
Cuba,2016,Mortality rate attributed to exposure to unsafe WASH services (per 100 000 population) (SDG 3.9.2),Male,1
Cuba,2016,Mortality rate attributed to exposure to unsafe WASH services (per 100 000 population) (SDG 3.9.2),Female,1.05
Cyprus,2016,Mortality rate attributed to exposure to unsafe WASH services (per 100 000 population) (SDG 3.9.2),Both sexes,0.28
Cyprus,2016,Mortality rate attributed to exposure to unsafe WASH services (per 100 000 population) (SDG 3.9.2),Male,0.29
Cyprus,2016,Mortality rate attributed to exposure to unsafe WASH services (per 100 000 population) (SDG 3.9.2),Female,0.27
Czechia,2016,Mortality rate attributed to exposure to unsafe WASH services (per 100 000 population) (SDG 3.9.2),Both sexes,0.18
Czechia,2016,Mortality rate attributed to exposure to unsafe WASH services (per 100 000 population) (SDG 3.9.2),Male,0.15
Czechia,2016,Mortality rate attributed to exposure to unsafe WASH services (per 100 000 population) (SDG 3.9.2),Female,0.21
Democratic People's Republic of Korea,2016,Mortality rate attributed to exposure to unsafe WASH services (per 100 000 population) (SDG 3.9.2),Both sexes,1.36
Democratic People's Republic of Korea,2016,Mortality rate attributed to exposure to unsafe WASH services (per 100 000 population) (SDG 3.9.2),Male,1.6
Democratic People's Republic of Korea,2016,Mortality rate attributed to exposure to unsafe WASH services (per 100 000 population) (SDG 3.9.2),Female,1.12
Democratic Republic of the Congo,2016,Mortality rate attributed to exposure to unsafe WASH services (per 100 000 population) (SDG 3.9.2),Both sexes,59.76
Democratic Republic of the Congo,2016,Mortality rate attributed to exposure to unsafe WASH services (per 100 000 population) (SDG 3.9.2),Male,69.76
Democratic Republic of the Congo,2016,Mortality rate attributed to exposure to unsafe WASH services (per 100 000 population) (SDG 3.9.2),Female,49.8
Denmark,2016,Mortality rate attributed to exposure to unsafe WASH services (per 100 000 population) (SDG 3.9.2),Both sexes,0.31
Denmark,2016,Mortality rate attributed to exposure to unsafe WASH services (per 100 000 population) (SDG 3.9.2),Male,0.19
Denmark,2016,Mortality rate attributed to exposure to unsafe WASH services (per 100 000 population) (SDG 3.9.2),Female,0.42
Djibouti,2016,Mortality rate attributed to exposure to unsafe WASH services (per 100 000 population) (SDG 3.9.2),Both sexes,31.29
Djibouti,2016,Mortality rate attributed to exposure to unsafe WASH services (per 100 000 population) (SDG 3.9.2),Male,29.36
Djibouti,2016,Mortality rate attributed to exposure to unsafe WASH services (per 100 000 population) (SDG 3.9.2),Female,33.23
Dominican Republic,2016,Mortality rate attributed to exposure to unsafe WASH services (per 100 000 population) (SDG 3.9.2),Both sexes,2.21
Dominican Republic,2016,Mortality rate attributed to exposure to unsafe WASH services (per 100 000 population) (SDG 3.9.2),Male,2.22
Dominican Republic,2016,Mortality rate attributed to exposure to unsafe WASH services (per 100 000 population) (SDG 3.9.2),Female,2.19
Ecuador,2016,Mortality rate attributed to exposure to unsafe WASH services (per 100 000 population) (SDG 3.9.2),Both sexes,0.64
Ecuador,2016,Mortality rate attributed to exposure to unsafe WASH services (per 100 000 population) (SDG 3.9.2),Male,0.63
Ecuador,2016,Mortality rate attributed to exposure to unsafe WASH services (per 100 000 population) (SDG 3.9.2),Female,0.66
Egypt,2016,Mortality rate attributed to exposure to unsafe WASH services (per 100 000 population) (SDG 3.9.2),Both sexes,2
Egypt,2016,Mortality rate attributed to exposure to unsafe WASH services (per 100 000 population) (SDG 3.9.2),Male,1.82
Egypt,2016,Mortality rate attributed to exposure to unsafe WASH services (per 100 000 population) (SDG 3.9.2),Female,2.19
El Salvador,2016,Mortality rate attributed to exposure to unsafe WASH services (per 100 000 population) (SDG 3.9.2),Both sexes,2.01
El Salvador,2016,Mortality rate attributed to exposure to unsafe WASH services (per 100 000 population) (SDG 3.9.2),Male,2.42
El Salvador,2016,Mortality rate attributed to exposure to unsafe WASH services (per 100 000 population) (SDG 3.9.2),Female,1.64
Equatorial Guinea,2016,Mortality rate attributed to exposure to unsafe WASH services (per 100 000 population) (SDG 3.9.2),Both sexes,22.29
Equatorial Guinea,2016,Mortality rate attributed to exposure to unsafe WASH services (per 100 000 population) (SDG 3.9.2),Male,20.95
Equatorial Guinea,2016,Mortality rate attributed to exposure to unsafe WASH services (per 100 000 population) (SDG 3.9.2),Female,23.94
Eritrea,2016,Mortality rate attributed to exposure to unsafe WASH services (per 100 000 population) (SDG 3.9.2),Both sexes,45.56
Eritrea,2016,Mortality rate attributed to exposure to unsafe WASH services (per 100 000 population) (SDG 3.9.2),Male,47.61
Eritrea,2016,Mortality rate attributed to exposure to unsafe WASH services (per 100 000 population) (SDG 3.9.2),Female,43.51
Estonia,2016,Mortality rate attributed to exposure to unsafe WASH services (per 100 000 population) (SDG 3.9.2),Both sexes,0.006
Estonia,2016,Mortality rate attributed to exposure to unsafe WASH services (per 100 000 population) (SDG 3.9.2),Male,0.009
Estonia,2016,Mortality rate attributed to exposure to unsafe WASH services (per 100 000 population) (SDG 3.9.2),Female,0.004
Eswatini,2016,Mortality rate attributed to exposure to unsafe WASH services (per 100 000 population) (SDG 3.9.2),Both sexes,27.89
Eswatini,2016,Mortality rate attributed to exposure to unsafe WASH services (per 100 000 population) (SDG 3.9.2),Male,25.91
Eswatini,2016,Mortality rate attributed to exposure to unsafe WASH services (per 100 000 population) (SDG 3.9.2),Female,29.76
Ethiopia,2016,Mortality rate attributed to exposure to unsafe WASH services (per 100 000 population) (SDG 3.9.2),Both sexes,43.66
Ethiopia,2016,Mortality rate attributed to exposure to unsafe WASH services (per 100 000 population) (SDG 3.9.2),Male,46.53
Ethiopia,2016,Mortality rate attributed to exposure to unsafe WASH services (per 100 000 population) (SDG 3.9.2),Female,40.81
Fiji,2016,Mortality rate attributed to exposure to unsafe WASH services (per 100 000 population) (SDG 3.9.2),Both sexes,2.89
Fiji,2016,Mortality rate attributed to exposure to unsafe WASH services (per 100 000 population) (SDG 3.9.2),Male,3.52
Fiji,2016,Mortality rate attributed to exposure to unsafe WASH services (per 100 000 population) (SDG 3.9.2),Female,2.23
Finland,2016,Mortality rate attributed to exposure to unsafe WASH services (per 100 000 population) (SDG 3.9.2),Both sexes,0.036
Finland,2016,Mortality rate attributed to exposure to unsafe WASH services (per 100 000 population) (SDG 3.9.2),Male,0.034
Finland,2016,Mortality rate attributed to exposure to unsafe WASH services (per 100 000 population) (SDG 3.9.2),Female,0.038
France,2016,Mortality rate attributed to exposure to unsafe WASH services (per 100 000 population) (SDG 3.9.2),Both sexes,0.27
France,2016,Mortality rate attributed to exposure to unsafe WASH services (per 100 000 population) (SDG 3.9.2),Male,0.2
France,2016,Mortality rate attributed to exposure to unsafe WASH services (per 100 000 population) (SDG 3.9.2),Female,0.32
Gabon,2016,Mortality rate attributed to exposure to unsafe WASH services (per 100 000 population) (SDG 3.9.2),Both sexes,20.58
Gabon,2016,Mortality rate attributed to exposure to unsafe WASH services (per 100 000 population) (SDG 3.9.2),Male,22.46
Gabon,2016,Mortality rate attributed to exposure to unsafe WASH services (per 100 000 population) (SDG 3.9.2),Female,18.59
Gambia,2016,Mortality rate attributed to exposure to unsafe WASH services (per 100 000 population) (SDG 3.9.2),Both sexes,29.66
Gambia,2016,Mortality rate attributed to exposure to unsafe WASH services (per 100 000 population) (SDG 3.9.2),Male,30.9
Gambia,2016,Mortality rate attributed to exposure to unsafe WASH services (per 100 000 population) (SDG 3.9.2),Female,28.44
Georgia,2016,Mortality rate attributed to exposure to unsafe WASH services (per 100 000 population) (SDG 3.9.2),Both sexes,0.18
Georgia,2016,Mortality rate attributed to exposure to unsafe WASH services (per 100 000 population) (SDG 3.9.2),Male,0.19
Georgia,2016,Mortality rate attributed to exposure to unsafe WASH services (per 100 000 population) (SDG 3.9.2),Female,0.17
Germany,2016,Mortality rate attributed to exposure to unsafe WASH services (per 100 000 population) (SDG 3.9.2),Both sexes,0.59
Germany,2016,Mortality rate attributed to exposure to unsafe WASH services (per 100 000 population) (SDG 3.9.2),Male,0.45
Germany,2016,Mortality rate attributed to exposure to unsafe WASH services (per 100 000 population) (SDG 3.9.2),Female,0.72
Ghana,2016,Mortality rate attributed to exposure to unsafe WASH services (per 100 000 population) (SDG 3.9.2),Both sexes,18.84
Ghana,2016,Mortality rate attributed to exposure to unsafe WASH services (per 100 000 population) (SDG 3.9.2),Male,18.23
Ghana,2016,Mortality rate attributed to exposure to unsafe WASH services (per 100 000 population) (SDG 3.9.2),Female,19.43
Greece,2016,Mortality rate attributed to exposure to unsafe WASH services (per 100 000 population) (SDG 3.9.2),Both sexes,0.037
Greece,2016,Mortality rate attributed to exposure to unsafe WASH services (per 100 000 population) (SDG 3.9.2),Male,0.021
Greece,2016,Mortality rate attributed to exposure to unsafe WASH services (per 100 000 population) (SDG 3.9.2),Female,0.053
Grenada,2016,Mortality rate attributed to exposure to unsafe WASH services (per 100 000 population) (SDG 3.9.2),Both sexes,0.34
Grenada,2016,Mortality rate attributed to exposure to unsafe WASH services (per 100 000 population) (SDG 3.9.2),Male,0.67
Grenada,2016,Mortality rate attributed to exposure to unsafe WASH services (per 100 000 population) (SDG 3.9.2),Female,0.015
Guatemala,2016,Mortality rate attributed to exposure to unsafe WASH services (per 100 000 population) (SDG 3.9.2),Both sexes,6.3
Guatemala,2016,Mortality rate attributed to exposure to unsafe WASH services (per 100 000 population) (SDG 3.9.2),Male,6.62
Guatemala,2016,Mortality rate attributed to exposure to unsafe WASH services (per 100 000 population) (SDG 3.9.2),Female,5.99
Guinea,2016,Mortality rate attributed to exposure to unsafe WASH services (per 100 000 population) (SDG 3.9.2),Both sexes,44.63
Guinea,2016,Mortality rate attributed to exposure to unsafe WASH services (per 100 000 population) (SDG 3.9.2),Male,48.28
Guinea,2016,Mortality rate attributed to exposure to unsafe WASH services (per 100 000 population) (SDG 3.9.2),Female,40.97
Guinea-Bissau,2016,Mortality rate attributed to exposure to unsafe WASH services (per 100 000 population) (SDG 3.9.2),Both sexes,35.27
Guinea-Bissau,2016,Mortality rate attributed to exposure to unsafe WASH services (per 100 000 population) (SDG 3.9.2),Male,37.67
Guinea-Bissau,2016,Mortality rate attributed to exposure to unsafe WASH services (per 100 000 population) (SDG 3.9.2),Female,32.95
Guyana,2016,Mortality rate attributed to exposure to unsafe WASH services (per 100 000 population) (SDG 3.9.2),Both sexes,3.65
Guyana,2016,Mortality rate attributed to exposure to unsafe WASH services (per 100 000 population) (SDG 3.9.2),Male,4.11
Guyana,2016,Mortality rate attributed to exposure to unsafe WASH services (per 100 000 population) (SDG 3.9.2),Female,3.18
Haiti,2016,Mortality rate attributed to exposure to unsafe WASH services (per 100 000 population) (SDG 3.9.2),Both sexes,23.79
Haiti,2016,Mortality rate attributed to exposure to unsafe WASH services (per 100 000 population) (SDG 3.9.2),Male,27.53
Haiti,2016,Mortality rate attributed to exposure to unsafe WASH services (per 100 000 population) (SDG 3.9.2),Female,20.13
Honduras,2016,Mortality rate attributed to exposure to unsafe WASH services (per 100 000 population) (SDG 3.9.2),Both sexes,3.62
Honduras,2016,Mortality rate attributed to exposure to unsafe WASH services (per 100 000 population) (SDG 3.9.2),Male,3.41
Honduras,2016,Mortality rate attributed to exposure to unsafe WASH services (per 100 000 population) (SDG 3.9.2),Female,3.82
Hungary,2016,Mortality rate attributed to exposure to unsafe WASH services (per 100 000 population) (SDG 3.9.2),Both sexes,0.24
Hungary,2016,Mortality rate attributed to exposure to unsafe WASH services (per 100 000 population) (SDG 3.9.2),Male,0.18
Hungary,2016,Mortality rate attributed to exposure to unsafe WASH services (per 100 000 population) (SDG 3.9.2),Female,0.3
Iceland,2016,Mortality rate attributed to exposure to unsafe WASH services (per 100 000 population) (SDG 3.9.2),Both sexes,0.1
Iceland,2016,Mortality rate attributed to exposure to unsafe WASH services (per 100 000 population) (SDG 3.9.2),Male,0.091
Iceland,2016,Mortality rate attributed to exposure to unsafe WASH services (per 100 000 population) (SDG 3.9.2),Female,0.12
India,2016,Mortality rate attributed to exposure to unsafe WASH services (per 100 000 population) (SDG 3.9.2),Both sexes,18.58
India,2016,Mortality rate attributed to exposure to unsafe WASH services (per 100 000 population) (SDG 3.9.2),Male,15.89
India,2016,Mortality rate attributed to exposure to unsafe WASH services (per 100 000 population) (SDG 3.9.2),Female,21.48
Indonesia,2016,Mortality rate attributed to exposure to unsafe WASH services (per 100 000 population) (SDG 3.9.2),Both sexes,7.06
Indonesia,2016,Mortality rate attributed to exposure to unsafe WASH services (per 100 000 population) (SDG 3.9.2),Male,6.28
Indonesia,2016,Mortality rate attributed to exposure to unsafe WASH services (per 100 000 population) (SDG 3.9.2),Female,7.84
Iran (Islamic Republic of),2016,Mortality rate attributed to exposure to unsafe WASH services (per 100 000 population) (SDG 3.9.2),Both sexes,0.98
Iran (Islamic Republic of),2016,Mortality rate attributed to exposure to unsafe WASH services (per 100 000 population) (SDG 3.9.2),Male,1
Iran (Islamic Republic of),2016,Mortality rate attributed to exposure to unsafe WASH services (per 100 000 population) (SDG 3.9.2),Female,0.97
Iraq,2016,Mortality rate attributed to exposure to unsafe WASH services (per 100 000 population) (SDG 3.9.2),Both sexes,3.03
Iraq,2016,Mortality rate attributed to exposure to unsafe WASH services (per 100 000 population) (SDG 3.9.2),Male,3.76
Iraq,2016,Mortality rate attributed to exposure to unsafe WASH services (per 100 000 population) (SDG 3.9.2),Female,2.3
Ireland,2016,Mortality rate attributed to exposure to unsafe WASH services (per 100 000 population) (SDG 3.9.2),Both sexes,0.074
Ireland,2016,Mortality rate attributed to exposure to unsafe WASH services (per 100 000 population) (SDG 3.9.2),Male,0.049
Ireland,2016,Mortality rate attributed to exposure to unsafe WASH services (per 100 000 population) (SDG 3.9.2),Female,0.099
Israel,2016,Mortality rate attributed to exposure to unsafe WASH services (per 100 000 population) (SDG 3.9.2),Both sexes,0.25
Israel,2016,Mortality rate attributed to exposure to unsafe WASH services (per 100 000 population) (SDG 3.9.2),Male,0.21
Israel,2016,Mortality rate attributed to exposure to unsafe WASH services (per 100 000 population) (SDG 3.9.2),Female,0.28
Italy,2016,Mortality rate attributed to exposure to unsafe WASH services (per 100 000 population) (SDG 3.9.2),Both sexes,0.14
Italy,2016,Mortality rate attributed to exposure to unsafe WASH services (per 100 000 population) (SDG 3.9.2),Male,0.1
Italy,2016,Mortality rate attributed to exposure to unsafe WASH services (per 100 000 population) (SDG 3.9.2),Female,0.17
Jamaica,2016,Mortality rate attributed to exposure to unsafe WASH services (per 100 000 population) (SDG 3.9.2),Both sexes,0.61
Jamaica,2016,Mortality rate attributed to exposure to unsafe WASH services (per 100 000 population) (SDG 3.9.2),Male,0.65
Jamaica,2016,Mortality rate attributed to exposure to unsafe WASH services (per 100 000 population) (SDG 3.9.2),Female,0.57
Japan,2016,Mortality rate attributed to exposure to unsafe WASH services (per 100 000 population) (SDG 3.9.2),Both sexes,0.17
Japan,2016,Mortality rate attributed to exposure to unsafe WASH services (per 100 000 population) (SDG 3.9.2),Male,0.14
Japan,2016,Mortality rate attributed to exposure to unsafe WASH services (per 100 000 population) (SDG 3.9.2),Female,0.19
Jordan,2016,Mortality rate attributed to exposure to unsafe WASH services (per 100 000 population) (SDG 3.9.2),Both sexes,0.63
Jordan,2016,Mortality rate attributed to exposure to unsafe WASH services (per 100 000 population) (SDG 3.9.2),Male,0.47
Jordan,2016,Mortality rate attributed to exposure to unsafe WASH services (per 100 000 population) (SDG 3.9.2),Female,0.79
Kazakhstan,2016,Mortality rate attributed to exposure to unsafe WASH services (per 100 000 population) (SDG 3.9.2),Both sexes,0.38
Kazakhstan,2016,Mortality rate attributed to exposure to unsafe WASH services (per 100 000 population) (SDG 3.9.2),Male,0.38
Kazakhstan,2016,Mortality rate attributed to exposure to unsafe WASH services (per 100 000 population) (SDG 3.9.2),Female,0.39
Kenya,2016,Mortality rate attributed to exposure to unsafe WASH services (per 100 000 population) (SDG 3.9.2),Both sexes,51.15
Kenya,2016,Mortality rate attributed to exposure to unsafe WASH services (per 100 000 population) (SDG 3.9.2),Male,52.64
Kenya,2016,Mortality rate attributed to exposure to unsafe WASH services (per 100 000 population) (SDG 3.9.2),Female,49.69
Kiribati,2016,Mortality rate attributed to exposure to unsafe WASH services (per 100 000 population) (SDG 3.9.2),Both sexes,16.66
Kiribati,2016,Mortality rate attributed to exposure to unsafe WASH services (per 100 000 population) (SDG 3.9.2),Male,13.53
Kiribati,2016,Mortality rate attributed to exposure to unsafe WASH services (per 100 000 population) (SDG 3.9.2),Female,19.7
Kuwait,2016,Mortality rate attributed to exposure to unsafe WASH services (per 100 000 population) (SDG 3.9.2),Both sexes,0.012
Kuwait,2016,Mortality rate attributed to exposure to unsafe WASH services (per 100 000 population) (SDG 3.9.2),Male,0.015
Kuwait,2016,Mortality rate attributed to exposure to unsafe WASH services (per 100 000 population) (SDG 3.9.2),Female,0.009
Kyrgyzstan,2016,Mortality rate attributed to exposure to unsafe WASH services (per 100 000 population) (SDG 3.9.2),Both sexes,0.78
Kyrgyzstan,2016,Mortality rate attributed to exposure to unsafe WASH services (per 100 000 population) (SDG 3.9.2),Male,0.82
Kyrgyzstan,2016,Mortality rate attributed to exposure to unsafe WASH services (per 100 000 population) (SDG 3.9.2),Female,0.73
Lao People's Democratic Republic,2016,Mortality rate attributed to exposure to unsafe WASH services (per 100 000 population) (SDG 3.9.2),Both sexes,11.31
Lao People's Democratic Republic,2016,Mortality rate attributed to exposure to unsafe WASH services (per 100 000 population) (SDG 3.9.2),Male,11.19
Lao People's Democratic Republic,2016,Mortality rate attributed to exposure to unsafe WASH services (per 100 000 population) (SDG 3.9.2),Female,11.44
Latvia,2016,Mortality rate attributed to exposure to unsafe WASH services (per 100 000 population) (SDG 3.9.2),Both sexes,0.021
Latvia,2016,Mortality rate attributed to exposure to unsafe WASH services (per 100 000 population) (SDG 3.9.2),Male,0.016
Latvia,2016,Mortality rate attributed to exposure to unsafe WASH services (per 100 000 population) (SDG 3.9.2),Female,0.025
Lebanon,2016,Mortality rate attributed to exposure to unsafe WASH services (per 100 000 population) (SDG 3.9.2),Both sexes,0.79
Lebanon,2016,Mortality rate attributed to exposure to unsafe WASH services (per 100 000 population) (SDG 3.9.2),Male,0.71
Lebanon,2016,Mortality rate attributed to exposure to unsafe WASH services (per 100 000 population) (SDG 3.9.2),Female,0.87
Lesotho,2016,Mortality rate attributed to exposure to unsafe WASH services (per 100 000 population) (SDG 3.9.2),Both sexes,44.36
Lesotho,2016,Mortality rate attributed to exposure to unsafe WASH services (per 100 000 population) (SDG 3.9.2),Male,38.55
Lesotho,2016,Mortality rate attributed to exposure to unsafe WASH services (per 100 000 population) (SDG 3.9.2),Female,49.83
Liberia,2016,Mortality rate attributed to exposure to unsafe WASH services (per 100 000 population) (SDG 3.9.2),Both sexes,41.54
Liberia,2016,Mortality rate attributed to exposure to unsafe WASH services (per 100 000 population) (SDG 3.9.2),Male,43.53
Liberia,2016,Mortality rate attributed to exposure to unsafe WASH services (per 100 000 population) (SDG 3.9.2),Female,39.52
Libya,2016,Mortality rate attributed to exposure to unsafe WASH services (per 100 000 population) (SDG 3.9.2),Both sexes,0.58
Libya,2016,Mortality rate attributed to exposure to unsafe WASH services (per 100 000 population) (SDG 3.9.2),Male,0.5
Libya,2016,Mortality rate attributed to exposure to unsafe WASH services (per 100 000 population) (SDG 3.9.2),Female,0.67
Lithuania,2016,Mortality rate attributed to exposure to unsafe WASH services (per 100 000 population) (SDG 3.9.2),Both sexes,0.081
Lithuania,2016,Mortality rate attributed to exposure to unsafe WASH services (per 100 000 population) (SDG 3.9.2),Male,0.087
Lithuania,2016,Mortality rate attributed to exposure to unsafe WASH services (per 100 000 population) (SDG 3.9.2),Female,0.075
Luxembourg,2016,Mortality rate attributed to exposure to unsafe WASH services (per 100 000 population) (SDG 3.9.2),Both sexes,0.049
Luxembourg,2016,Mortality rate attributed to exposure to unsafe WASH services (per 100 000 population) (SDG 3.9.2),Male,0.035
Luxembourg,2016,Mortality rate attributed to exposure to unsafe WASH services (per 100 000 population) (SDG 3.9.2),Female,0.062
Madagascar,2016,Mortality rate attributed to exposure to unsafe WASH services (per 100 000 population) (SDG 3.9.2),Both sexes,30.23
Madagascar,2016,Mortality rate attributed to exposure to unsafe WASH services (per 100 000 population) (SDG 3.9.2),Male,30.79
Madagascar,2016,Mortality rate attributed to exposure to unsafe WASH services (per 100 000 population) (SDG 3.9.2),Female,29.67
Malawi,2016,Mortality rate attributed to exposure to unsafe WASH services (per 100 000 population) (SDG 3.9.2),Both sexes,28.29
Malawi,2016,Mortality rate attributed to exposure to unsafe WASH services (per 100 000 population) (SDG 3.9.2),Male,29.1
Malawi,2016,Mortality rate attributed to exposure to unsafe WASH services (per 100 000 population) (SDG 3.9.2),Female,27.49
Malaysia,2016,Mortality rate attributed to exposure to unsafe WASH services (per 100 000 population) (SDG 3.9.2),Both sexes,0.42
Malaysia,2016,Mortality rate attributed to exposure to unsafe WASH services (per 100 000 population) (SDG 3.9.2),Male,0.39
Malaysia,2016,Mortality rate attributed to exposure to unsafe WASH services (per 100 000 population) (SDG 3.9.2),Female,0.45
Maldives,2016,Mortality rate attributed to exposure to unsafe WASH services (per 100 000 population) (SDG 3.9.2),Both sexes,0.31
Maldives,2016,Mortality rate attributed to exposure to unsafe WASH services (per 100 000 population) (SDG 3.9.2),Male,0.37
Maldives,2016,Mortality rate attributed to exposure to unsafe WASH services (per 100 000 population) (SDG 3.9.2),Female,0.23
Mali,2016,Mortality rate attributed to exposure to unsafe WASH services (per 100 000 population) (SDG 3.9.2),Both sexes,70.72
Mali,2016,Mortality rate attributed to exposure to unsafe WASH services (per 100 000 population) (SDG 3.9.2),Male,70.36
Mali,2016,Mortality rate attributed to exposure to unsafe WASH services (per 100 000 population) (SDG 3.9.2),Female,71.08
Malta,2016,Mortality rate attributed to exposure to unsafe WASH services (per 100 000 population) (SDG 3.9.2),Both sexes,0.033
Malta,2016,Mortality rate attributed to exposure to unsafe WASH services (per 100 000 population) (SDG 3.9.2),Male,0.012
Malta,2016,Mortality rate attributed to exposure to unsafe WASH services (per 100 000 population) (SDG 3.9.2),Female,0.055
Mauritania,2016,Mortality rate attributed to exposure to unsafe WASH services (per 100 000 population) (SDG 3.9.2),Both sexes,38.57
Mauritania,2016,Mortality rate attributed to exposure to unsafe WASH services (per 100 000 population) (SDG 3.9.2),Male,40.65
Mauritania,2016,Mortality rate attributed to exposure to unsafe WASH services (per 100 000 population) (SDG 3.9.2),Female,36.45
Mauritius,2016,Mortality rate attributed to exposure to unsafe WASH services (per 100 000 population) (SDG 3.9.2),Both sexes,0.59
Mauritius,2016,Mortality rate attributed to exposure to unsafe WASH services (per 100 000 population) (SDG 3.9.2),Male,0.74
Mauritius,2016,Mortality rate attributed to exposure to unsafe WASH services (per 100 000 population) (SDG 3.9.2),Female,0.44
Mexico,2016,Mortality rate attributed to exposure to unsafe WASH services (per 100 000 population) (SDG 3.9.2),Both sexes,1.06
Mexico,2016,Mortality rate attributed to exposure to unsafe WASH services (per 100 000 population) (SDG 3.9.2),Male,1
Mexico,2016,Mortality rate attributed to exposure to unsafe WASH services (per 100 000 population) (SDG 3.9.2),Female,1.11
Micronesia (Federated States of),2016,Mortality rate attributed to exposure to unsafe WASH services (per 100 000 population) (SDG 3.9.2),Both sexes,3.57
Micronesia (Federated States of),2016,Mortality rate attributed to exposure to unsafe WASH services (per 100 000 population) (SDG 3.9.2),Male,3.42
Micronesia (Federated States of),2016,Mortality rate attributed to exposure to unsafe WASH services (per 100 000 population) (SDG 3.9.2),Female,3.73
Mongolia,2016,Mortality rate attributed to exposure to unsafe WASH services (per 100 000 population) (SDG 3.9.2),Both sexes,1.29
Mongolia,2016,Mortality rate attributed to exposure to unsafe WASH services (per 100 000 population) (SDG 3.9.2),Male,1.8
Mongolia,2016,Mortality rate attributed to exposure to unsafe WASH services (per 100 000 population) (SDG 3.9.2),Female,0.79
Montenegro,2016,Mortality rate attributed to exposure to unsafe WASH services (per 100 000 population) (SDG 3.9.2),Both sexes,0.025
Montenegro,2016,Mortality rate attributed to exposure to unsafe WASH services (per 100 000 population) (SDG 3.9.2),Male,0.029
Montenegro,2016,Mortality rate attributed to exposure to unsafe WASH services (per 100 000 population) (SDG 3.9.2),Female,0.022
Morocco,2016,Mortality rate attributed to exposure to unsafe WASH services (per 100 000 population) (SDG 3.9.2),Both sexes,1.9
Morocco,2016,Mortality rate attributed to exposure to unsafe WASH services (per 100 000 population) (SDG 3.9.2),Male,1.83
Morocco,2016,Mortality rate attributed to exposure to unsafe WASH services (per 100 000 population) (SDG 3.9.2),Female,1.98
Mozambique,2016,Mortality rate attributed to exposure to unsafe WASH services (per 100 000 population) (SDG 3.9.2),Both sexes,27.63
Mozambique,2016,Mortality rate attributed to exposure to unsafe WASH services (per 100 000 population) (SDG 3.9.2),Male,28.23
Mozambique,2016,Mortality rate attributed to exposure to unsafe WASH services (per 100 000 population) (SDG 3.9.2),Female,27.05
Myanmar,2016,Mortality rate attributed to exposure to unsafe WASH services (per 100 000 population) (SDG 3.9.2),Both sexes,12.62
Myanmar,2016,Mortality rate attributed to exposure to unsafe WASH services (per 100 000 population) (SDG 3.9.2),Male,13.06
Myanmar,2016,Mortality rate attributed to exposure to unsafe WASH services (per 100 000 population) (SDG 3.9.2),Female,12.2
Namibia,2016,Mortality rate attributed to exposure to unsafe WASH services (per 100 000 population) (SDG 3.9.2),Both sexes,18.32
Namibia,2016,Mortality rate attributed to exposure to unsafe WASH services (per 100 000 population) (SDG 3.9.2),Male,18.37
Namibia,2016,Mortality rate attributed to exposure to unsafe WASH services (per 100 000 population) (SDG 3.9.2),Female,18.27
Nepal,2016,Mortality rate attributed to exposure to unsafe WASH services (per 100 000 population) (SDG 3.9.2),Both sexes,19.83
Nepal,2016,Mortality rate attributed to exposure to unsafe WASH services (per 100 000 population) (SDG 3.9.2),Male,14.95
Nepal,2016,Mortality rate attributed to exposure to unsafe WASH services (per 100 000 population) (SDG 3.9.2),Female,24.43
Netherlands,2016,Mortality rate attributed to exposure to unsafe WASH services (per 100 000 population) (SDG 3.9.2),Both sexes,0.24
Netherlands,2016,Mortality rate attributed to exposure to unsafe WASH services (per 100 000 population) (SDG 3.9.2),Male,0.19
Netherlands,2016,Mortality rate attributed to exposure to unsafe WASH services (per 100 000 population) (SDG 3.9.2),Female,0.29
New Zealand,2016,Mortality rate attributed to exposure to unsafe WASH services (per 100 000 population) (SDG 3.9.2),Both sexes,0.15
New Zealand,2016,Mortality rate attributed to exposure to unsafe WASH services (per 100 000 population) (SDG 3.9.2),Male,0.1
New Zealand,2016,Mortality rate attributed to exposure to unsafe WASH services (per 100 000 population) (SDG 3.9.2),Female,0.19
Nicaragua,2016,Mortality rate attributed to exposure to unsafe WASH services (per 100 000 population) (SDG 3.9.2),Both sexes,2.24
Nicaragua,2016,Mortality rate attributed to exposure to unsafe WASH services (per 100 000 population) (SDG 3.9.2),Male,2.45
Nicaragua,2016,Mortality rate attributed to exposure to unsafe WASH services (per 100 000 population) (SDG 3.9.2),Female,2.05
Niger,2016,Mortality rate attributed to exposure to unsafe WASH services (per 100 000 population) (SDG 3.9.2),Both sexes,70.81
Niger,2016,Mortality rate attributed to exposure to unsafe WASH services (per 100 000 population) (SDG 3.9.2),Male,74.66
Niger,2016,Mortality rate attributed to exposure to unsafe WASH services (per 100 000 population) (SDG 3.9.2),Female,66.95
Nigeria,2016,Mortality rate attributed to exposure to unsafe WASH services (per 100 000 population) (SDG 3.9.2),Both sexes,68.63
Nigeria,2016,Mortality rate attributed to exposure to unsafe WASH services (per 100 000 population) (SDG 3.9.2),Male,71.58
Nigeria,2016,Mortality rate attributed to exposure to unsafe WASH services (per 100 000 population) (SDG 3.9.2),Female,65.59
Norway,2016,Mortality rate attributed to exposure to unsafe WASH services (per 100 000 population) (SDG 3.9.2),Both sexes,0.21
Norway,2016,Mortality rate attributed to exposure to unsafe WASH services (per 100 000 population) (SDG 3.9.2),Male,0.17
Norway,2016,Mortality rate attributed to exposure to unsafe WASH services (per 100 000 population) (SDG 3.9.2),Female,0.26
Oman,2016,Mortality rate attributed to exposure to unsafe WASH services (per 100 000 population) (SDG 3.9.2),Both sexes,0.046
Oman,2016,Mortality rate attributed to exposure to unsafe WASH services (per 100 000 population) (SDG 3.9.2),Male,0.045
Oman,2016,Mortality rate attributed to exposure to unsafe WASH services (per 100 000 population) (SDG 3.9.2),Female,0.047
Pakistan,2016,Mortality rate attributed to exposure to unsafe WASH services (per 100 000 population) (SDG 3.9.2),Both sexes,19.59
Pakistan,2016,Mortality rate attributed to exposure to unsafe WASH services (per 100 000 population) (SDG 3.9.2),Male,15.99
Pakistan,2016,Mortality rate attributed to exposure to unsafe WASH services (per 100 000 population) (SDG 3.9.2),Female,23.39
Panama,2016,Mortality rate attributed to exposure to unsafe WASH services (per 100 000 population) (SDG 3.9.2),Both sexes,1.9
Panama,2016,Mortality rate attributed to exposure to unsafe WASH services (per 100 000 population) (SDG 3.9.2),Male,2.06
Panama,2016,Mortality rate attributed to exposure to unsafe WASH services (per 100 000 population) (SDG 3.9.2),Female,1.73
Papua New Guinea,2016,Mortality rate attributed to exposure to unsafe WASH services (per 100 000 population) (SDG 3.9.2),Both sexes,16.31
Papua New Guinea,2016,Mortality rate attributed to exposure to unsafe WASH services (per 100 000 population) (SDG 3.9.2),Male,14.62
Papua New Guinea,2016,Mortality rate attributed to exposure to unsafe WASH services (per 100 000 population) (SDG 3.9.2),Female,18.05
Paraguay,2016,Mortality rate attributed to exposure to unsafe WASH services (per 100 000 population) (SDG 3.9.2),Both sexes,1.46
Paraguay,2016,Mortality rate attributed to exposure to unsafe WASH services (per 100 000 population) (SDG 3.9.2),Male,1.43
Paraguay,2016,Mortality rate attributed to exposure to unsafe WASH services (per 100 000 population) (SDG 3.9.2),Female,1.5
Peru,2016,Mortality rate attributed to exposure to unsafe WASH services (per 100 000 population) (SDG 3.9.2),Both sexes,1.28
Peru,2016,Mortality rate attributed to exposure to unsafe WASH services (per 100 000 population) (SDG 3.9.2),Male,1.32
Peru,2016,Mortality rate attributed to exposure to unsafe WASH services (per 100 000 population) (SDG 3.9.2),Female,1.24
Philippines,2016,Mortality rate attributed to exposure to unsafe WASH services (per 100 000 population) (SDG 3.9.2),Both sexes,4.19
Philippines,2016,Mortality rate attributed to exposure to unsafe WASH services (per 100 000 population) (SDG 3.9.2),Male,4.78
Philippines,2016,Mortality rate attributed to exposure to unsafe WASH services (per 100 000 population) (SDG 3.9.2),Female,3.6
Poland,2016,Mortality rate attributed to exposure to unsafe WASH services (per 100 000 population) (SDG 3.9.2),Both sexes,0.091
Poland,2016,Mortality rate attributed to exposure to unsafe WASH services (per 100 000 population) (SDG 3.9.2),Male,0.071
Poland,2016,Mortality rate attributed to exposure to unsafe WASH services (per 100 000 population) (SDG 3.9.2),Female,0.11
Portugal,2016,Mortality rate attributed to exposure to unsafe WASH services (per 100 000 population) (SDG 3.9.2),Both sexes,0.15
Portugal,2016,Mortality rate attributed to exposure to unsafe WASH services (per 100 000 population) (SDG 3.9.2),Male,0.11
Portugal,2016,Mortality rate attributed to exposure to unsafe WASH services (per 100 000 population) (SDG 3.9.2),Female,0.19
Qatar,2016,Mortality rate attributed to exposure to unsafe WASH services (per 100 000 population) (SDG 3.9.2),Both sexes,0.008
Qatar,2016,Mortality rate attributed to exposure to unsafe WASH services (per 100 000 population) (SDG 3.9.2),Male,0.006
Qatar,2016,Mortality rate attributed to exposure to unsafe WASH services (per 100 000 population) (SDG 3.9.2),Female,0.014
Republic of Korea,2016,Mortality rate attributed to exposure to unsafe WASH services (per 100 000 population) (SDG 3.9.2),Both sexes,1.81
Republic of Korea,2016,Mortality rate attributed to exposure to unsafe WASH services (per 100 000 population) (SDG 3.9.2),Male,1.39
Republic of Korea,2016,Mortality rate attributed to exposure to unsafe WASH services (per 100 000 population) (SDG 3.9.2),Female,2.23
Republic of Moldova,2016,Mortality rate attributed to exposure to unsafe WASH services (per 100 000 population) (SDG 3.9.2),Both sexes,0.096
Republic of Moldova,2016,Mortality rate attributed to exposure to unsafe WASH services (per 100 000 population) (SDG 3.9.2),Male,0.08
Republic of Moldova,2016,Mortality rate attributed to exposure to unsafe WASH services (per 100 000 population) (SDG 3.9.2),Female,0.11
The former Yugoslav Republic of Macedonia,2016,Mortality rate attributed to exposure to unsafe WASH services (per 100 000 population) (SDG 3.9.2),Both sexes,0.074
The former Yugoslav Republic of Macedonia,2016,Mortality rate attributed to exposure to unsafe WASH services (per 100 000 population) (SDG 3.9.2),Male,0.091
The former Yugoslav Republic of Macedonia,2016,Mortality rate attributed to exposure to unsafe WASH services (per 100 000 population) (SDG 3.9.2),Female,0.058
Romania,2016,Mortality rate attributed to exposure to unsafe WASH services (per 100 000 population) (SDG 3.9.2),Both sexes,0.36
Romania,2016,Mortality rate attributed to exposure to unsafe WASH services (per 100 000 population) (SDG 3.9.2),Male,0.33
Romania,2016,Mortality rate attributed to exposure to unsafe WASH services (per 100 000 population) (SDG 3.9.2),Female,0.4
Russian Federation,2016,Mortality rate attributed to exposure to unsafe WASH services (per 100 000 population) (SDG 3.9.2),Both sexes,0.1
Russian Federation,2016,Mortality rate attributed to exposure to unsafe WASH services (per 100 000 population) (SDG 3.9.2),Male,0.12
Russian Federation,2016,Mortality rate attributed to exposure to unsafe WASH services (per 100 000 population) (SDG 3.9.2),Female,0.094
Rwanda,2016,Mortality rate attributed to exposure to unsafe WASH services (per 100 000 population) (SDG 3.9.2),Both sexes,19.35
Rwanda,2016,Mortality rate attributed to exposure to unsafe WASH services (per 100 000 population) (SDG 3.9.2),Male,19.15
Rwanda,2016,Mortality rate attributed to exposure to unsafe WASH services (per 100 000 population) (SDG 3.9.2),Female,19.54
Saint Lucia,2016,Mortality rate attributed to exposure to unsafe WASH services (per 100 000 population) (SDG 3.9.2),Both sexes,0.63
Saint Lucia,2016,Mortality rate attributed to exposure to unsafe WASH services (per 100 000 population) (SDG 3.9.2),Male,1.01
Saint Lucia,2016,Mortality rate attributed to exposure to unsafe WASH services (per 100 000 population) (SDG 3.9.2),Female,0.27
Saint Vincent and the Grenadines,2016,Mortality rate attributed to exposure to unsafe WASH services (per 100 000 population) (SDG 3.9.2),Both sexes,1.33
Saint Vincent and the Grenadines,2016,Mortality rate attributed to exposure to unsafe WASH services (per 100 000 population) (SDG 3.9.2),Male,1.41
Saint Vincent and the Grenadines,2016,Mortality rate attributed to exposure to unsafe WASH services (per 100 000 population) (SDG 3.9.2),Female,1.26
Samoa,2016,Mortality rate attributed to exposure to unsafe WASH services (per 100 000 population) (SDG 3.9.2),Both sexes,1.49
Samoa,2016,Mortality rate attributed to exposure to unsafe WASH services (per 100 000 population) (SDG 3.9.2),Male,1.48
Samoa,2016,Mortality rate attributed to exposure to unsafe WASH services (per 100 000 population) (SDG 3.9.2),Female,1.5
Sao Tome and Principe,2016,Mortality rate attributed to exposure to unsafe WASH services (per 100 000 population) (SDG 3.9.2),Both sexes,11.36
Sao Tome and Principe,2016,Mortality rate attributed to exposure to unsafe WASH services (per 100 000 population) (SDG 3.9.2),Male,10.97
Sao Tome and Principe,2016,Mortality rate attributed to exposure to unsafe WASH services (per 100 000 population) (SDG 3.9.2),Female,11.75
Saudi Arabia,2016,Mortality rate attributed to exposure to unsafe WASH services (per 100 000 population) (SDG 3.9.2),Both sexes,0.092
Saudi Arabia,2016,Mortality rate attributed to exposure to unsafe WASH services (per 100 000 population) (SDG 3.9.2),Male,0.075
Saudi Arabia,2016,Mortality rate attributed to exposure to unsafe WASH services (per 100 000 population) (SDG 3.9.2),Female,0.11
Senegal,2016,Mortality rate attributed to exposure to unsafe WASH services (per 100 000 population) (SDG 3.9.2),Both sexes,23.87
Senegal,2016,Mortality rate attributed to exposure to unsafe WASH services (per 100 000 population) (SDG 3.9.2),Male,25.86
Senegal,2016,Mortality rate attributed to exposure to unsafe WASH services (per 100 000 population) (SDG 3.9.2),Female,21.95
Serbia,2016,Mortality rate attributed to exposure to unsafe WASH services (per 100 000 population) (SDG 3.9.2),Both sexes,0.74
Serbia,2016,Mortality rate attributed to exposure to unsafe WASH services (per 100 000 population) (SDG 3.9.2),Male,0.6
Serbia,2016,Mortality rate attributed to exposure to unsafe WASH services (per 100 000 population) (SDG 3.9.2),Female,0.87
Seychelles,2016,Mortality rate attributed to exposure to unsafe WASH services (per 100 000 population) (SDG 3.9.2),Both sexes,0.17
Seychelles,2016,Mortality rate attributed to exposure to unsafe WASH services (per 100 000 population) (SDG 3.9.2),Male,0.2
Seychelles,2016,Mortality rate attributed to exposure to unsafe WASH services (per 100 000 population) (SDG 3.9.2),Female,0.14
Sierra Leone,2016,Mortality rate attributed to exposure to unsafe WASH services (per 100 000 population) (SDG 3.9.2),Both sexes,81.29
Sierra Leone,2016,Mortality rate attributed to exposure to unsafe WASH services (per 100 000 population) (SDG 3.9.2),Male,86.85
Sierra Leone,2016,Mortality rate attributed to exposure to unsafe WASH services (per 100 000 population) (SDG 3.9.2),Female,75.85
Singapore,2016,Mortality rate attributed to exposure to unsafe WASH services (per 100 000 population) (SDG 3.9.2),Both sexes,0.066
Singapore,2016,Mortality rate attributed to exposure to unsafe WASH services (per 100 000 population) (SDG 3.9.2),Male,0.048
Singapore,2016,Mortality rate attributed to exposure to unsafe WASH services (per 100 000 population) (SDG 3.9.2),Female,0.084
Slovakia,2016,Mortality rate attributed to exposure to unsafe WASH services (per 100 000 population) (SDG 3.9.2),Both sexes,0.045
Slovakia,2016,Mortality rate attributed to exposure to unsafe WASH services (per 100 000 population) (SDG 3.9.2),Male,0.036
Slovakia,2016,Mortality rate attributed to exposure to unsafe WASH services (per 100 000 population) (SDG 3.9.2),Female,0.053
Slovenia,2016,Mortality rate attributed to exposure to unsafe WASH services (per 100 000 population) (SDG 3.9.2),Both sexes,0.021
Slovenia,2016,Mortality rate attributed to exposure to unsafe WASH services (per 100 000 population) (SDG 3.9.2),Male,0.014
Slovenia,2016,Mortality rate attributed to exposure to unsafe WASH services (per 100 000 population) (SDG 3.9.2),Female,0.028
Solomon Islands,2016,Mortality rate attributed to exposure to unsafe WASH services (per 100 000 population) (SDG 3.9.2),Both sexes,6.18
Solomon Islands,2016,Mortality rate attributed to exposure to unsafe WASH services (per 100 000 population) (SDG 3.9.2),Male,6.84
Solomon Islands,2016,Mortality rate attributed to exposure to unsafe WASH services (per 100 000 population) (SDG 3.9.2),Female,5.49
Somalia,2016,Mortality rate attributed to exposure to unsafe WASH services (per 100 000 population) (SDG 3.9.2),Both sexes,86.58
Somalia,2016,Mortality rate attributed to exposure to unsafe WASH services (per 100 000 population) (SDG 3.9.2),Male,83.41
Somalia,2016,Mortality rate attributed to exposure to unsafe WASH services (per 100 000 population) (SDG 3.9.2),Female,89.72
South Africa,2016,Mortality rate attributed to exposure to unsafe WASH services (per 100 000 population) (SDG 3.9.2),Both sexes,13.67
South Africa,2016,Mortality rate attributed to exposure to unsafe WASH services (per 100 000 population) (SDG 3.9.2),Male,13.9
South Africa,2016,Mortality rate attributed to exposure to unsafe WASH services (per 100 000 population) (SDG 3.9.2),Female,13.44
South Sudan,2016,Mortality rate attributed to exposure to unsafe WASH services (per 100 000 population) (SDG 3.9.2),Both sexes,63.29
South Sudan,2016,Mortality rate attributed to exposure to unsafe WASH services (per 100 000 population) (SDG 3.9.2),Male,65.88
South Sudan,2016,Mortality rate attributed to exposure to unsafe WASH services (per 100 000 population) (SDG 3.9.2),Female,60.69
Spain,2016,Mortality rate attributed to exposure to unsafe WASH services (per 100 000 population) (SDG 3.9.2),Both sexes,0.15
Spain,2016,Mortality rate attributed to exposure to unsafe WASH services (per 100 000 population) (SDG 3.9.2),Male,0.11
Spain,2016,Mortality rate attributed to exposure to unsafe WASH services (per 100 000 population) (SDG 3.9.2),Female,0.19
Sri Lanka,2016,Mortality rate attributed to exposure to unsafe WASH services (per 100 000 population) (SDG 3.9.2),Both sexes,1.19
Sri Lanka,2016,Mortality rate attributed to exposure to unsafe WASH services (per 100 000 population) (SDG 3.9.2),Male,1.18
Sri Lanka,2016,Mortality rate attributed to exposure to unsafe WASH services (per 100 000 population) (SDG 3.9.2),Female,1.2
Sudan,2016,Mortality rate attributed to exposure to unsafe WASH services (per 100 000 population) (SDG 3.9.2),Both sexes,17.32
Sudan,2016,Mortality rate attributed to exposure to unsafe WASH services (per 100 000 population) (SDG 3.9.2),Male,16.33
Sudan,2016,Mortality rate attributed to exposure to unsafe WASH services (per 100 000 population) (SDG 3.9.2),Female,18.32
Suriname,2016,Mortality rate attributed to exposure to unsafe WASH services (per 100 000 population) (SDG 3.9.2),Both sexes,2.01
Suriname,2016,Mortality rate attributed to exposure to unsafe WASH services (per 100 000 population) (SDG 3.9.2),Male,2.06
Suriname,2016,Mortality rate attributed to exposure to unsafe WASH services (per 100 000 population) (SDG 3.9.2),Female,1.96
Sweden,2016,Mortality rate attributed to exposure to unsafe WASH services (per 100 000 population) (SDG 3.9.2),Both sexes,0.22
Sweden,2016,Mortality rate attributed to exposure to unsafe WASH services (per 100 000 population) (SDG 3.9.2),Male,0.16
Sweden,2016,Mortality rate attributed to exposure to unsafe WASH services (per 100 000 population) (SDG 3.9.2),Female,0.27
Switzerland,2016,Mortality rate attributed to exposure to unsafe WASH services (per 100 000 population) (SDG 3.9.2),Both sexes,0.14
Switzerland,2016,Mortality rate attributed to exposure to unsafe WASH services (per 100 000 population) (SDG 3.9.2),Male,0.11
Switzerland,2016,Mortality rate attributed to exposure to unsafe WASH services (per 100 000 population) (SDG 3.9.2),Female,0.17
Syrian Arab Republic,2016,Mortality rate attributed to exposure to unsafe WASH services (per 100 000 population) (SDG 3.9.2),Both sexes,3.67
Syrian Arab Republic,2016,Mortality rate attributed to exposure to unsafe WASH services (per 100 000 population) (SDG 3.9.2),Male,3.23
Syrian Arab Republic,2016,Mortality rate attributed to exposure to unsafe WASH services (per 100 000 population) (SDG 3.9.2),Female,4.11
Tajikistan,2016,Mortality rate attributed to exposure to unsafe WASH services (per 100 000 population) (SDG 3.9.2),Both sexes,2.7
Tajikistan,2016,Mortality rate attributed to exposure to unsafe WASH services (per 100 000 population) (SDG 3.9.2),Male,3
Tajikistan,2016,Mortality rate attributed to exposure to unsafe WASH services (per 100 000 population) (SDG 3.9.2),Female,2.39
Thailand,2016,Mortality rate attributed to exposure to unsafe WASH services (per 100 000 population) (SDG 3.9.2),Both sexes,3.51
Thailand,2016,Mortality rate attributed to exposure to unsafe WASH services (per 100 000 population) (SDG 3.9.2),Male,3.66
Thailand,2016,Mortality rate attributed to exposure to unsafe WASH services (per 100 000 population) (SDG 3.9.2),Female,3.36
Timor-Leste,2016,Mortality rate attributed to exposure to unsafe WASH services (per 100 000 population) (SDG 3.9.2),Both sexes,9.91
Timor-Leste,2016,Mortality rate attributed to exposure to unsafe WASH services (per 100 000 population) (SDG 3.9.2),Male,10.01
Timor-Leste,2016,Mortality rate attributed to exposure to unsafe WASH services (per 100 000 population) (SDG 3.9.2),Female,9.81
Togo,2016,Mortality rate attributed to exposure to unsafe WASH services (per 100 000 population) (SDG 3.9.2),Both sexes,41.63
Togo,2016,Mortality rate attributed to exposure to unsafe WASH services (per 100 000 population) (SDG 3.9.2),Male,42.14
Togo,2016,Mortality rate attributed to exposure to unsafe WASH services (per 100 000 population) (SDG 3.9.2),Female,41.13
Tonga,2016,Mortality rate attributed to exposure to unsafe WASH services (per 100 000 population) (SDG 3.9.2),Both sexes,1.43
Tonga,2016,Mortality rate attributed to exposure to unsafe WASH services (per 100 000 population) (SDG 3.9.2),Male,0.83
Tonga,2016,Mortality rate attributed to exposure to unsafe WASH services (per 100 000 population) (SDG 3.9.2),Female,2.03
Trinidad and Tobago,2016,Mortality rate attributed to exposure to unsafe WASH services (per 100 000 population) (SDG 3.9.2),Both sexes,0.14
Trinidad and Tobago,2016,Mortality rate attributed to exposure to unsafe WASH services (per 100 000 population) (SDG 3.9.2),Male,0.16
Trinidad and Tobago,2016,Mortality rate attributed to exposure to unsafe WASH services (per 100 000 population) (SDG 3.9.2),Female,0.13
Tunisia,2016,Mortality rate attributed to exposure to unsafe WASH services (per 100 000 population) (SDG 3.9.2),Both sexes,1.02
Tunisia,2016,Mortality rate attributed to exposure to unsafe WASH services (per 100 000 population) (SDG 3.9.2),Male,0.81
Tunisia,2016,Mortality rate attributed to exposure to unsafe WASH services (per 100 000 population) (SDG 3.9.2),Female,1.21
Turkey,2016,Mortality rate attributed to exposure to unsafe WASH services (per 100 000 population) (SDG 3.9.2),Both sexes,0.3
Turkey,2016,Mortality rate attributed to exposure to unsafe WASH services (per 100 000 population) (SDG 3.9.2),Male,0.27
Turkey,2016,Mortality rate attributed to exposure to unsafe WASH services (per 100 000 population) (SDG 3.9.2),Female,0.32
Turkmenistan,2016,Mortality rate attributed to exposure to unsafe WASH services (per 100 000 population) (SDG 3.9.2),Both sexes,3.98
Turkmenistan,2016,Mortality rate attributed to exposure to unsafe WASH services (per 100 000 population) (SDG 3.9.2),Male,4.49
Turkmenistan,2016,Mortality rate attributed to exposure to unsafe WASH services (per 100 000 population) (SDG 3.9.2),Female,3.48
Uganda,2016,Mortality rate attributed to exposure to unsafe WASH services (per 100 000 population) (SDG 3.9.2),Both sexes,31.56
Uganda,2016,Mortality rate attributed to exposure to unsafe WASH services (per 100 000 population) (SDG 3.9.2),Male,32.74
Uganda,2016,Mortality rate attributed to exposure to unsafe WASH services (per 100 000 population) (SDG 3.9.2),Female,30.39
Ukraine,2016,Mortality rate attributed to exposure to unsafe WASH services (per 100 000 population) (SDG 3.9.2),Both sexes,0.27
Ukraine,2016,Mortality rate attributed to exposure to unsafe WASH services (per 100 000 population) (SDG 3.9.2),Male,0.31
Ukraine,2016,Mortality rate attributed to exposure to unsafe WASH services (per 100 000 population) (SDG 3.9.2),Female,0.23
United Arab Emirates,2016,Mortality rate attributed to exposure to unsafe WASH services (per 100 000 population) (SDG 3.9.2),Both sexes,0.029
United Arab Emirates,2016,Mortality rate attributed to exposure to unsafe WASH services (per 100 000 population) (SDG 3.9.2),Male,0.025
United Arab Emirates,2016,Mortality rate attributed to exposure to unsafe WASH services (per 100 000 population) (SDG 3.9.2),Female,0.041
United Kingdom of Great Britain and Northern Ireland,2016,Mortality rate attributed to exposure to unsafe WASH services (per 100 000 population) (SDG 3.9.2),Both sexes,0.2
United Kingdom of Great Britain and Northern Ireland,2016,Mortality rate attributed to exposure to unsafe WASH services (per 100 000 population) (SDG 3.9.2),Male,0.14
United Kingdom of Great Britain and Northern Ireland,2016,Mortality rate attributed to exposure to unsafe WASH services (per 100 000 population) (SDG 3.9.2),Female,0.25
United Republic of Tanzania,2016,Mortality rate attributed to exposure to unsafe WASH services (per 100 000 population) (SDG 3.9.2),Both sexes,38.4
United Republic of Tanzania,2016,Mortality rate attributed to exposure to unsafe WASH services (per 100 000 population) (SDG 3.9.2),Male,36.19
United Republic of Tanzania,2016,Mortality rate attributed to exposure to unsafe WASH services (per 100 000 population) (SDG 3.9.2),Female,40.57
United States of America,2016,Mortality rate attributed to exposure to unsafe WASH services (per 100 000 population) (SDG 3.9.2),Both sexes,0.23
United States of America,2016,Mortality rate attributed to exposure to unsafe WASH services (per 100 000 population) (SDG 3.9.2),Male,0.19
United States of America,2016,Mortality rate attributed to exposure to unsafe WASH services (per 100 000 population) (SDG 3.9.2),Female,0.27
Uruguay,2016,Mortality rate attributed to exposure to unsafe WASH services (per 100 000 population) (SDG 3.9.2),Both sexes,0.36
Uruguay,2016,Mortality rate attributed to exposure to unsafe WASH services (per 100 000 population) (SDG 3.9.2),Male,0.29
Uruguay,2016,Mortality rate attributed to exposure to unsafe WASH services (per 100 000 population) (SDG 3.9.2),Female,0.43
Uzbekistan,2016,Mortality rate attributed to exposure to unsafe WASH services (per 100 000 population) (SDG 3.9.2),Both sexes,0.44
Uzbekistan,2016,Mortality rate attributed to exposure to unsafe WASH services (per 100 000 population) (SDG 3.9.2),Male,0.51
Uzbekistan,2016,Mortality rate attributed to exposure to unsafe WASH services (per 100 000 population) (SDG 3.9.2),Female,0.37
Vanuatu,2016,Mortality rate attributed to exposure to unsafe WASH services (per 100 000 population) (SDG 3.9.2),Both sexes,10.42
Vanuatu,2016,Mortality rate attributed to exposure to unsafe WASH services (per 100 000 population) (SDG 3.9.2),Male,12.2
Vanuatu,2016,Mortality rate attributed to exposure to unsafe WASH services (per 100 000 population) (SDG 3.9.2),Female,8.59
Venezuela (Bolivarian Republic of),2016,Mortality rate attributed to exposure to unsafe WASH services (per 100 000 population) (SDG 3.9.2),Both sexes,1.39
Venezuela (Bolivarian Republic of),2016,Mortality rate attributed to exposure to unsafe WASH services (per 100 000 population) (SDG 3.9.2),Male,1.41
Venezuela (Bolivarian Republic of),2016,Mortality rate attributed to exposure to unsafe WASH services (per 100 000 population) (SDG 3.9.2),Female,1.37
Viet Nam,2016,Mortality rate attributed to exposure to unsafe WASH services (per 100 000 population) (SDG 3.9.2),Both sexes,1.62
Viet Nam,2016,Mortality rate attributed to exposure to unsafe WASH services (per 100 000 population) (SDG 3.9.2),Male,2.11
Viet Nam,2016,Mortality rate attributed to exposure to unsafe WASH services (per 100 000 population) (SDG 3.9.2),Female,1.14
Yemen,2016,Mortality rate attributed to exposure to unsafe WASH services (per 100 000 population) (SDG 3.9.2),Both sexes,10.2
Yemen,2016,Mortality rate attributed to exposure to unsafe WASH services (per 100 000 population) (SDG 3.9.2),Male,8.67
Yemen,2016,Mortality rate attributed to exposure to unsafe WASH services (per 100 000 population) (SDG 3.9.2),Female,11.77
Zambia,2016,Mortality rate attributed to exposure to unsafe WASH services (per 100 000 population) (SDG 3.9.2),Both sexes,34.91
Zambia,2016,Mortality rate attributed to exposure to unsafe WASH services (per 100 000 population) (SDG 3.9.2),Male,36.62
Zambia,2016,Mortality rate attributed to exposure to unsafe WASH services (per 100 000 population) (SDG 3.9.2),Female,33.23
Zimbabwe,2016,Mortality rate attributed to exposure to unsafe WASH services (per 100 000 population) (SDG 3.9.2),Both sexes,24.55
Zimbabwe,2016,Mortality rate attributed to exposure to unsafe WASH services (per 100 000 population) (SDG 3.9.2),Male,27.07
Zimbabwe,2016,Mortality rate attributed to exposure to unsafe WASH services (per 100 000 population) (SDG 3.9.2),Female,22.16
